,valid,tmpc,dwpc,relh,sknt
0,12/31/2020 0:00,19.82,13.75,65.95679999999994,14.83
1,12/31/2020 0:30,19.88,13.75,65.83609999999994,14.85
2,12/31/2020 1:00,20.35,13.75,64.02479999999998,14.86
3,12/31/2020 1:30,20.4,13.75,63.126799999999996,14.84
4,12/31/2020 2:00,20.3,13.75,63.07069999999999,14.97
5,12/31/2020 2:30,20.23,13.74,62.9794,15.12
6,12/31/2020 3:00,20.25,13.75,63.10149999999999,15.14
7,12/31/2020 3:30,20.36,13.76,63.81969999999997,15.9
8,12/31/2020 4:00,19.88,13.77,64.15289999999997,16.07
9,12/31/2020 4:30,19.69,13.77,64.61839999999998,15.92
10,12/31/2020 5:00,19.57,13.77,65.8025,15.25
11,12/31/2020 5:30,19.28,13.77,66.6153,15.41
12,12/31/2020 6:00,18.99,13.77,67.90310000000002,15.05
13,12/31/2020 6:30,17.85,13.77,70.2095000000001,14.91
14,12/31/2020 7:00,17.72,13.78,73.09960000000004,13.01
15,12/31/2020 7:30,17.05,13.78,76.1329,12.44
16,12/31/2020 8:00,17.02,13.83,80.2652,11.68
17,12/31/2020 8:30,16.97,13.88,81.04219999999998,11.68
18,12/31/2020 9:00,16.87,13.88,81.80259999999998,11.4
19,12/31/2020 9:30,16.85,13.88,84.33689999999997,8.93
20,12/31/2020 10:00,16.82,13.88,86.49839999999996,5.27
21,12/31/2020 10:30,16.82,13.88,87.49019999999997,4.51
22,12/31/2020 11:00,16.79,13.88,88.22749999999996,4.16
23,12/31/2020 11:30,16.79,13.88,88.22749999999996,4.11
24,12/31/2020 12:00,16.79,13.88,87.82549999999998,3.99
25,12/31/2020 12:30,16.79,13.88,87.65259999999996,3.98
26,12/31/2020 13:00,16.77,13.88,87.71089999999997,3.96
27,12/31/2020 13:30,16.76,13.88,87.82149999999996,3.56
28,12/31/2020 14:00,16.63,13.88,87.81989999999996,3.46
29,12/31/2020 14:30,16.28,13.88,87.81989999999996,3.03
30,12/31/2020 15:00,15.79,13.88,88.44459999999995,2.93
31,12/31/2020 15:30,15.53,13.88,89.23079999999996,2.6
32,12/31/2020 16:00,15.22,13.87,90.21719999999993,2.43
33,12/31/2020 16:30,14.94,13.86,90.62359999999991,2.35
34,12/31/2020 17:00,14.79,13.81,90.62119999999992,2.41
35,12/31/2020 17:30,14.69,13.75,90.61619999999994,2.41
36,12/31/2020 18:00,14.98,13.75,89.68269999999995,2.33
37,12/31/2020 18:30,15.49,14.0,88.63309999999994,1.82
38,12/31/2020 19:00,16.64,14.0,84.6929,1.95
39,12/31/2020 19:30,17.06,14.0,82.00459999999995,2.69
40,12/31/2020 20:00,17.86,14.0,76.66369999999992,2.93
41,12/31/2020 20:30,18.11,14.0,75.26069999999994,3.25
42,12/31/2020 21:00,18.05,14.0,74.33019999999993,5.92
43,12/31/2020 21:30,19.05,14.0,71.75969999999995,6.86
44,12/31/2020 22:00,19.53,14.0,71.25469999999997,7.33
45,12/31/2020 22:30,19.65,14.0,69.05420000000005,7.29
46,12/31/2020 23:00,19.9,14.0,68.27190000000009,9.05
47,12/31/2020 23:30,19.95,14.0,67.90950000000007,9.37
48,1/1/2021 0:00,20.02,14.56,64.65889999999999,19.49
49,1/1/2021 0:30,20.0,14.56,64.21399999999997,19.52
50,1/1/2021 1:00,20.0,15.41,63.19209999999996,19.54
51,1/1/2021 1:30,19.95,15.5,61.76569999999996,19.83
52,1/1/2021 2:00,19.84,15.21,60.00850000000004,19.87
53,1/1/2021 2:30,19.73,15.3,59.763200000000055,19.94
54,1/1/2021 3:00,19.67,15.22,59.64010000000005,19.85
55,1/1/2021 3:30,19.43,15.25,59.46440000000004,19.89
56,1/1/2021 4:00,19.2,15.24,60.519500000000015,19.76
57,1/1/2021 4:30,18.86,15.17,58.73620000000002,19.67
58,1/1/2021 5:00,19.85,14.82,58.53580000000002,19.71
59,1/1/2021 5:30,19.64,14.81,57.57892307298777,19.38
60,1/1/2021 6:00,19.13,14.62,58.89712307298776,19.06
61,1/1/2021 6:30,19.01,14.59,63.3502,19.31
62,1/1/2021 7:00,18.15,14.62,73.30969999999996,17.08
63,1/1/2021 7:30,17.88,14.82,74.19812307298771,16.93
64,1/1/2021 8:00,17.55,14.85,76.27969999999999,16.93
65,1/1/2021 8:30,17.56,14.84,77.9185,16.95
66,1/1/2021 9:00,17.12,14.84,78.61129999999999,17.07
67,1/1/2021 9:30,16.84,14.84,79.2579,17.23
68,1/1/2021 10:00,16.47,14.85,77.7415,17.33
69,1/1/2021 10:30,16.41,14.79,79.07599999999998,17.26
70,1/1/2021 11:00,15.85,14.8,78.229,17.15
71,1/1/2021 11:30,15.55,14.65,78.14129999999999,17.06
72,1/1/2021 12:00,15.51,14.56,77.82389999999998,16.93
73,1/1/2021 12:30,15.35,14.45,78.34069999999998,15.67
74,1/1/2021 13:00,15.33,14.33,79.5161,15.63
75,1/1/2021 13:30,15.28,13.99,80.40799999999999,15.33
76,1/1/2021 14:00,15.22,13.92,80.68969999999996,15.0
77,1/1/2021 14:30,15.15,13.86,80.23169999999998,14.81
78,1/1/2021 15:00,15.15,13.85,80.31339999999999,15.21
79,1/1/2021 15:30,15.04,13.83,80.9776,14.81
80,1/1/2021 16:00,15.05,13.73,81.23159999999999,14.76
81,1/1/2021 16:30,15.04,13.79,81.62689999999999,14.78
82,1/1/2021 17:00,15.02,13.78,81.2928,15.0
83,1/1/2021 17:30,14.99,13.74,81.20930000000003,15.27
84,1/1/2021 18:00,14.91,13.72,80.81490000000004,15.41
85,1/1/2021 18:30,14.93,13.9,79.81460000000004,16.41
86,1/1/2021 19:00,14.9,13.91,78.2339,16.57
87,1/1/2021 19:30,14.97,13.95,76.62709999999998,16.58
88,1/1/2021 20:00,15.27,14.06,73.8259,16.73
89,1/1/2021 20:30,15.71,14.59,71.00960000000003,16.75
90,1/1/2021 21:00,17.88,14.76,69.01289999999999,16.58
91,1/1/2021 21:30,18.72,14.79,70.9481,15.26
92,1/1/2021 22:00,19.04,14.8,70.3556,12.97
93,1/1/2021 22:30,19.48,14.9,70.73960000000001,13.33
94,1/1/2021 23:00,19.77,14.36,70.11369999999998,13.9
95,1/1/2021 23:30,20.15,14.86,70.35499999999999,14.3
96,1/2/2021 0:00,20.21,14.56,64.65889999999999,19.49
97,1/2/2021 0:30,20.19,14.56,64.21399999999997,19.52
98,1/2/2021 1:00,20.21,15.41,63.19209999999996,19.54
99,1/2/2021 1:30,20.15,15.5,61.76569999999996,19.83
100,1/2/2021 2:00,20.04,15.21,60.00850000000004,19.87
101,1/2/2021 2:30,19.9,15.3,59.763200000000055,19.94
102,1/2/2021 3:00,19.83,15.22,59.64010000000005,19.85
103,1/2/2021 3:30,19.58,15.25,59.46440000000004,19.89
104,1/2/2021 4:00,19.34,15.24,60.519500000000015,19.76
105,1/2/2021 4:30,18.92,15.17,58.703600000000016,19.67
106,1/2/2021 5:00,19.89,14.82,58.50510000000003,19.71
107,1/2/2021 5:30,19.68,14.81,57.54092307298777,19.38
108,1/2/2021 6:00,19.14,14.62,58.691923072987755,19.06
109,1/2/2021 6:30,19.03,14.59,63.096500000000006,19.31
110,1/2/2021 7:00,18.18,14.62,71.72769999999997,17.2
111,1/2/2021 7:30,17.89,14.82,73.65192307298771,17.05
112,1/2/2021 8:00,17.56,14.85,76.1358,17.05
113,1/2/2021 8:30,17.56,14.84,77.8606,17.07
114,1/2/2021 9:00,17.12,14.84,78.6483,17.19
115,1/2/2021 9:30,16.84,14.84,79.438,17.23
116,1/2/2021 10:00,16.47,14.85,77.8974,17.33
117,1/2/2021 10:30,16.41,14.79,79.1821,17.26
118,1/2/2021 11:00,15.85,14.8,78.39010000000002,17.15
119,1/2/2021 11:30,15.55,14.65,78.45320000000001,17.06
120,1/2/2021 12:00,15.51,14.56,78.1373,16.93
121,1/2/2021 12:30,15.35,14.45,78.444,15.67
122,1/2/2021 13:00,15.33,14.33,79.6831,15.63
123,1/2/2021 13:30,15.28,13.99,80.7843,15.33
124,1/2/2021 14:00,15.22,13.92,81.1128,15.0
125,1/2/2021 14:30,15.15,13.86,80.65479999999998,14.81
126,1/2/2021 15:00,15.15,13.85,80.6817,15.21
127,1/2/2021 15:30,15.04,13.83,81.18549999999999,14.81
128,1/2/2021 16:00,15.05,13.73,81.4395,14.76
129,1/2/2021 16:30,15.04,13.79,81.8333,14.78
130,1/2/2021 17:00,15.02,13.78,81.49920000000002,15.0
131,1/2/2021 17:30,14.99,13.74,81.77130000000002,15.27
132,1/2/2021 18:00,14.91,13.72,81.23020000000004,15.41
133,1/2/2021 18:30,14.93,13.9,80.28340000000004,16.41
134,1/2/2021 19:00,14.9,13.91,78.45290000000001,16.57
135,1/2/2021 19:30,14.97,13.95,77.30579999999999,16.58
136,1/2/2021 20:00,15.28,14.06,74.47979999999998,16.73
137,1/2/2021 20:30,15.73,14.59,71.1337,16.75
138,1/2/2021 21:00,17.94,14.76,68.99899999999998,16.58
139,1/2/2021 21:30,18.72,14.79,71.2643,15.26
140,1/2/2021 22:00,19.05,14.8,71.13699999999999,13.15
141,1/2/2021 22:30,19.48,14.9,72.14799999999998,13.42
142,1/2/2021 23:00,19.77,14.36,71.63099999999997,14.01
143,1/2/2021 23:30,20.15,14.86,71.60909999999998,14.35
144,1/3/2021 0:00,20.21,14.56,64.65889999999999,19.5
145,1/3/2021 0:30,20.19,14.56,64.21399999999997,19.53
146,1/3/2021 1:00,20.2,15.41,63.19209999999996,19.55
147,1/3/2021 1:30,20.14,15.5,61.76569999999996,19.84
148,1/3/2021 2:00,20.04,15.21,60.00850000000004,19.88
149,1/3/2021 2:30,19.9,15.3,59.763200000000055,19.95
150,1/3/2021 3:00,19.83,15.22,59.64010000000005,19.86
151,1/3/2021 3:30,19.57,15.25,59.46440000000004,19.9
152,1/3/2021 4:00,19.33,15.24,60.73550000000001,19.77
153,1/3/2021 4:30,18.91,15.17,59.00710000000001,19.68
154,1/3/2021 5:00,19.88,14.82,58.65450000000003,19.72
155,1/3/2021 5:30,19.68,14.81,57.690323072987766,19.39
156,1/3/2021 6:00,19.1,14.62,58.77502307298776,19.07
157,1/3/2021 6:30,18.98,14.59,63.18590000000001,19.39
158,1/3/2021 7:00,18.18,14.62,71.73559999999999,17.29
159,1/3/2021 7:30,17.89,14.82,73.53132307298773,17.12
160,1/3/2021 8:00,17.56,14.85,76.1252,17.12
161,1/3/2021 8:30,17.56,14.84,78.33749999999999,17.14
162,1/3/2021 9:00,17.12,14.84,78.851,17.28
163,1/3/2021 9:30,16.84,14.84,79.8444,17.23
164,1/3/2021 10:00,16.47,14.85,78.23960000000001,17.33
165,1/3/2021 10:30,16.41,14.79,79.6949,17.26
166,1/3/2021 11:00,15.82,14.8,79.04740000000001,17.15
167,1/3/2021 11:30,15.52,14.65,79.278,17.06
168,1/3/2021 12:00,15.47,14.56,79.2304,16.93
169,1/3/2021 12:30,15.31,14.45,79.8756,15.67
170,1/3/2021 13:00,15.29,14.33,81.73470000000002,15.63
171,1/3/2021 13:30,15.24,13.99,83.27500000000003,15.33
172,1/3/2021 14:00,15.18,13.92,83.34640000000002,15.0
173,1/3/2021 14:30,15.11,13.86,82.88840000000002,14.81
174,1/3/2021 15:00,15.11,13.85,83.02790000000003,15.21
175,1/3/2021 15:30,15.0,13.83,83.21630000000003,14.81
176,1/3/2021 16:00,14.99,13.73,83.52080000000002,14.76
177,1/3/2021 16:30,14.98,13.79,83.91040000000004,14.78
178,1/3/2021 17:00,14.96,13.78,83.87840000000004,15.0
179,1/3/2021 17:30,14.93,13.74,84.50450000000006,15.27
180,1/3/2021 18:00,14.85,13.72,83.80980000000004,15.41
181,1/3/2021 18:30,14.87,13.9,82.43820000000005,16.41
182,1/3/2021 19:00,14.86,13.91,80.67340000000003,16.57
183,1/3/2021 19:30,14.95,13.95,78.45080000000003,16.58
184,1/3/2021 20:00,15.19,14.06,74.02520000000003,16.73
185,1/3/2021 20:30,15.7,14.59,69.16409999999999,16.75
186,1/3/2021 21:00,17.97,14.76,64.12759999999997,16.58
187,1/3/2021 21:30,18.74,14.79,67.2569,15.39
188,1/3/2021 22:00,19.05,14.8,65.61289999999998,13.33
189,1/3/2021 22:30,19.42,14.9,64.58269999999999,13.51
190,1/3/2021 23:00,19.7,14.36,64.84159999999999,14.37
191,1/3/2021 23:30,20.08,14.86,65.56909999999999,14.71
192,1/4/2021 0:00,19.96,14.56,63.9856,19.68
193,1/4/2021 0:30,19.94,14.56,63.54069999999997,19.71
194,1/4/2021 1:00,19.95,15.41,62.51879999999997,19.73
195,1/4/2021 1:30,19.9,15.5,61.09239999999996,20.02
196,1/4/2021 2:00,19.76,15.21,59.31910000000004,20.06
197,1/4/2021 2:30,19.64,15.3,58.99940000000005,20.11
198,1/4/2021 3:00,19.54,15.22,58.84230000000005,20.02
199,1/4/2021 3:30,19.16,15.25,58.83310000000005,20.03
200,1/4/2021 4:00,18.87,15.24,60.053600000000024,19.9
201,1/4/2021 4:30,18.54,15.17,57.08970000000003,19.83
202,1/4/2021 5:00,19.81,14.82,56.637400000000035,19.84
203,1/4/2021 5:30,19.65,14.81,56.60902307298778,19.49
204,1/4/2021 6:00,18.87,14.62,57.56874614597553,19.18
205,1/4/2021 6:30,18.74,14.59,61.53582307298779,19.45
206,1/4/2021 7:00,18.19,14.62,68.59629999999999,17.22
207,1/4/2021 7:30,18.02,14.82,70.10452307298773,17.07
208,1/4/2021 8:00,17.64,14.85,73.10819999999998,17.06
209,1/4/2021 8:30,17.59,14.84,75.63509999999998,17.12
210,1/4/2021 9:00,17.18,14.84,76.10239999999999,17.22
211,1/4/2021 9:30,16.92,14.84,76.85919999999999,17.23
212,1/4/2021 10:00,16.52,14.85,74.0803,17.33
213,1/4/2021 10:30,16.43,14.79,75.01359999999998,17.26
214,1/4/2021 11:00,15.84,14.8,75.08829999999996,17.15
215,1/4/2021 11:30,15.52,14.65,74.94989999999996,17.06
216,1/4/2021 12:00,15.47,14.56,74.41989999999996,16.93
217,1/4/2021 12:30,15.31,14.45,75.44229999999997,15.67
218,1/4/2021 13:00,15.29,14.33,76.3322,15.63
219,1/4/2021 13:30,15.24,13.99,75.73,15.33
220,1/4/2021 14:00,15.18,13.92,76.12389999999999,15.0
221,1/4/2021 14:30,15.11,13.86,76.1434,14.81
222,1/4/2021 15:00,15.11,13.85,76.23150000000001,15.21
223,1/4/2021 15:30,15.0,13.83,76.4576,14.81
224,1/4/2021 16:00,14.99,13.73,76.49359999999997,14.76
225,1/4/2021 16:30,14.98,13.79,76.8661,14.78
226,1/4/2021 17:00,14.96,13.78,76.3959,15.0
227,1/4/2021 17:30,14.93,13.74,77.1908,15.27
228,1/4/2021 18:00,14.85,13.72,76.21380000000003,15.41
229,1/4/2021 18:30,14.87,13.9,75.36110000000004,16.41
230,1/4/2021 19:00,14.86,13.91,72.56310000000002,16.57
231,1/4/2021 19:30,14.91,13.95,70.08330000000002,16.58
232,1/4/2021 20:00,15.1,14.06,66.75650000000005,16.73
233,1/4/2021 20:30,15.58,14.59,63.63920000000002,16.75
234,1/4/2021 21:00,17.92,14.76,61.852199999999975,16.58
235,1/4/2021 21:30,18.72,14.79,66.2228,15.39
236,1/4/2021 22:00,19.02,14.8,63.98089999999998,13.04
237,1/4/2021 22:30,19.42,14.9,62.643399999999986,12.7
238,1/4/2021 23:00,19.7,14.36,62.04829999999997,12.99
239,1/4/2021 23:30,20.08,14.86,62.47199999999998,13.34
240,1/5/2021 0:00,19.96,14.56,52.234900000000046,16.94
241,1/5/2021 0:30,19.92,14.56,52.326300000000046,16.97
242,1/5/2021 1:00,19.92,15.41,51.638200000000055,16.95
243,1/5/2021 1:30,19.87,15.5,51.416400000000046,17.18
244,1/5/2021 2:00,19.72,15.21,51.35940000000005,17.23
245,1/5/2021 2:30,19.63,15.3,51.14690000000005,17.51
246,1/5/2021 3:00,19.53,15.22,51.17290000000005,17.72
247,1/5/2021 3:30,19.15,15.25,51.380300000000034,17.78
248,1/5/2021 4:00,18.86,15.24,53.74409999999998,17.58
249,1/5/2021 4:30,18.53,15.17,56.26140000000003,17.36
250,1/5/2021 5:00,19.34,14.82,55.96580000000004,17.24
251,1/5/2021 5:30,19.09,14.81,56.75962307298778,16.78
252,1/5/2021 6:00,18.43,14.62,57.710946145975534,16.32
253,1/5/2021 6:30,18.33,14.59,61.30232307298779,16.61
254,1/5/2021 7:00,17.89,14.62,68.33869999999999,16.5
255,1/5/2021 7:30,17.74,14.82,69.35632307298773,16.86
256,1/5/2021 8:00,17.46,14.85,70.1974,16.85
257,1/5/2021 8:30,17.41,14.84,71.69109999999999,16.88
258,1/5/2021 9:00,17.0,14.84,72.8031,16.93
259,1/5/2021 9:30,16.75,14.84,74.9787,17.23
260,1/5/2021 10:00,16.43,14.85,72.7573,17.33
261,1/5/2021 10:30,16.31,14.79,74.00279999999998,17.26
262,1/5/2021 11:00,15.85,14.8,74.22259999999999,17.15
263,1/5/2021 11:30,15.5,14.65,74.02299999999997,17.06
264,1/5/2021 12:00,15.4,14.56,73.50649999999997,16.93
265,1/5/2021 12:30,15.24,14.45,74.55759999999998,15.67
266,1/5/2021 13:00,15.22,14.33,75.82719999999999,15.63
267,1/5/2021 13:30,15.17,13.99,75.97550000000001,15.33
268,1/5/2021 14:00,15.11,13.92,76.34989999999999,15.0
269,1/5/2021 14:30,15.05,13.86,76.64580000000001,14.81
270,1/5/2021 15:00,15.05,13.85,76.7339,15.21
271,1/5/2021 15:30,14.94,13.83,77.10210000000001,14.81
272,1/5/2021 16:00,14.93,13.73,77.2688,14.76
273,1/5/2021 16:30,14.92,13.79,77.58690000000001,14.78
274,1/5/2021 17:00,14.88,13.78,77.01580000000001,15.0
275,1/5/2021 17:30,14.85,13.74,77.8247,15.27
276,1/5/2021 18:00,14.81,13.72,76.98620000000004,15.41
277,1/5/2021 18:30,14.83,13.9,76.21130000000005,16.41
278,1/5/2021 19:00,14.8,13.91,73.86810000000001,16.57
279,1/5/2021 19:30,14.88,13.95,71.3226,16.54
280,1/5/2021 20:00,15.07,14.06,67.30410000000002,16.73
281,1/5/2021 20:30,15.56,14.59,64.78520000000002,16.83
282,1/5/2021 21:00,17.85,14.76,64.2595,16.63
283,1/5/2021 21:30,18.7,14.79,66.27070000000002,15.42
284,1/5/2021 22:00,18.99,14.8,63.77969999999998,13.62
285,1/5/2021 22:30,19.4,14.9,62.78019999999998,13.19
286,1/5/2021 23:00,19.68,14.36,61.757599999999975,13.35
287,1/5/2021 23:30,20.06,14.86,62.20209999999997,13.65
288,1/6/2021 0:00,20.26,14.56,49.462500000000034,20.72
289,1/6/2021 0:30,20.22,14.56,49.30850000000003,20.76
290,1/6/2021 1:00,20.22,15.41,48.95920000000004,20.75
291,1/6/2021 1:30,20.19,15.5,48.692900000000044,21.16
292,1/6/2021 2:00,20.03,15.21,48.68730000000004,21.3
293,1/6/2021 2:30,19.92,15.3,48.359600000000036,21.71
294,1/6/2021 3:00,19.82,15.22,48.42350000000003,21.73
295,1/6/2021 3:30,19.37,15.25,48.70830000000003,21.57
296,1/6/2021 4:00,18.94,15.24,52.23529999999999,21.34
297,1/6/2021 4:30,18.57,15.17,55.20080000000003,21.23
298,1/6/2021 5:00,19.31,14.82,55.16260000000004,21.01
299,1/6/2021 5:30,19.08,14.81,56.532423072987775,20.52
300,1/6/2021 6:00,18.43,14.62,57.63224614597553,20.42
301,1/6/2021 6:30,18.33,14.59,61.106923072987804,20.78
302,1/6/2021 7:00,17.86,14.62,68.3308,17.52
303,1/6/2021 7:30,17.69,14.82,70.18912307298774,17.0
304,1/6/2021 8:00,17.4,14.85,71.89020000000001,16.84
305,1/6/2021 8:30,17.34,14.84,73.51709999999999,16.86
306,1/6/2021 9:00,16.91,14.84,74.63019999999999,16.9
307,1/6/2021 9:30,16.65,14.84,76.69379999999997,17.08
308,1/6/2021 10:00,16.36,14.85,74.94129999999996,17.19
309,1/6/2021 10:30,16.27,14.79,76.03309999999996,17.12
310,1/6/2021 11:00,15.85,14.8,76.11079999999997,17.01
311,1/6/2021 11:30,15.53,14.65,75.51229999999995,16.92
312,1/6/2021 12:00,15.41,14.56,75.26859999999995,16.78
313,1/6/2021 12:30,15.25,14.45,76.05069999999995,15.52
314,1/6/2021 13:00,15.23,14.33,76.73839999999997,15.5
315,1/6/2021 13:30,15.18,13.99,76.79989999999998,15.2
316,1/6/2021 14:00,15.12,13.92,76.77869999999997,14.86
317,1/6/2021 14:30,15.06,13.86,76.60689999999998,14.67
318,1/6/2021 15:00,15.06,13.85,76.9872,15.07
319,1/6/2021 15:30,14.94,13.83,77.07679999999999,14.67
320,1/6/2021 16:00,14.93,13.73,77.16989999999996,14.62
321,1/6/2021 16:30,14.92,13.79,76.97979999999995,14.62
322,1/6/2021 17:00,14.88,13.78,75.41579999999996,14.84
323,1/6/2021 17:30,14.85,13.74,75.96729999999997,15.13
324,1/6/2021 18:00,14.81,13.72,75.45680000000002,15.27
325,1/6/2021 18:30,14.83,13.9,75.53820000000002,16.25
326,1/6/2021 19:00,14.8,13.91,74.41850000000001,16.41
327,1/6/2021 19:30,14.88,13.95,72.38689999999998,16.34
328,1/6/2021 20:00,15.12,14.06,66.03640000000001,16.55
329,1/6/2021 20:30,15.57,14.59,64.25530000000002,16.65
330,1/6/2021 21:00,17.82,14.76,65.34319999999998,16.52
331,1/6/2021 21:30,18.67,14.79,66.53510000000001,15.34
332,1/6/2021 22:00,18.99,14.8,64.14889999999997,13.22
333,1/6/2021 22:30,19.4,14.9,63.25449999999998,12.89
334,1/6/2021 23:00,19.68,14.36,62.04919999999996,13.31
335,1/6/2021 23:30,20.06,14.86,62.55829999999996,13.55
336,1/7/2021 0:00,20.28,14.56,49.462500000000034,18.12
337,1/7/2021 0:30,20.25,14.56,49.28110000000003,18.12
338,1/7/2021 1:00,20.25,15.41,48.93180000000004,18.09
339,1/7/2021 1:30,20.23,15.5,48.665500000000044,17.91
340,1/7/2021 2:00,20.07,15.21,48.68730000000004,17.97
341,1/7/2021 2:30,19.9,15.3,48.359600000000036,18.58
342,1/7/2021 3:00,19.82,15.22,48.42350000000003,18.56
343,1/7/2021 3:30,19.28,15.25,48.71110000000002,18.54
344,1/7/2021 4:00,18.85,15.24,52.23529999999999,18.26
345,1/7/2021 4:30,18.43,15.17,55.594500000000025,18.29
346,1/7/2021 5:00,19.38,14.82,55.70070000000003,18.16
347,1/7/2021 5:30,19.18,14.81,57.070723072987775,17.3
348,1/7/2021 6:00,18.38,14.62,58.06254614597554,17.02
349,1/7/2021 6:30,18.15,14.59,61.859023072987796,17.78
350,1/7/2021 7:00,17.8,14.62,68.7815,12.62
351,1/7/2021 7:30,17.67,14.82,70.48542307298773,10.14
352,1/7/2021 8:00,17.39,14.85,72.84240000000001,9.64
353,1/7/2021 8:30,17.34,14.84,74.52849999999998,9.31
354,1/7/2021 9:00,16.91,14.84,75.9735,9.38
355,1/7/2021 9:30,16.65,14.84,77.65509999999999,8.81
356,1/7/2021 10:00,16.36,14.85,75.22369999999998,9.04
357,1/7/2021 10:30,16.27,14.79,76.43739999999998,8.91
358,1/7/2021 11:00,15.85,14.8,76.6133,8.96
359,1/7/2021 11:30,15.53,14.65,76.24599999999998,8.64
360,1/7/2021 12:00,15.41,14.56,76.68199999999997,8.58
361,1/7/2021 12:30,15.25,14.45,77.57679999999999,8.44
362,1/7/2021 13:00,15.23,14.33,78.33549999999997,8.33
363,1/7/2021 13:30,15.18,13.99,80.2109,8.03
364,1/7/2021 14:00,15.12,13.92,80.41629999999995,7.79
365,1/7/2021 14:30,15.06,13.86,80.83459999999997,7.69
366,1/7/2021 15:00,15.06,13.85,81.83839999999998,7.75
367,1/7/2021 15:30,14.94,13.83,82.44879999999998,7.86
368,1/7/2021 16:00,14.93,13.73,82.84189999999998,7.83
369,1/7/2021 16:30,14.92,13.79,83.33449999999999,7.56
370,1/7/2021 17:00,14.88,13.78,82.68409999999999,7.27
371,1/7/2021 17:30,14.86,13.74,82.99949999999998,7.36
372,1/7/2021 18:00,14.82,13.72,82.83509999999998,7.5
373,1/7/2021 18:30,14.83,13.9,82.53589999999998,8.56
374,1/7/2021 19:00,14.82,13.91,81.23019999999995,8.6
375,1/7/2021 19:30,14.88,13.95,75.96189999999994,8.17
376,1/7/2021 20:00,15.1,14.06,67.27829999999999,8.02
377,1/7/2021 20:30,15.62,14.59,65.0135,8.18
378,1/7/2021 21:00,17.87,14.76,65.24199999999998,8.19
379,1/7/2021 21:30,18.72,14.79,66.28170000000001,8.52
380,1/7/2021 22:00,19.02,14.8,64.08059999999996,10.99
381,1/7/2021 22:30,19.41,14.9,63.14449999999997,11.12
382,1/7/2021 23:00,19.7,14.36,61.86989999999996,12.08
383,1/7/2021 23:30,20.08,14.86,62.39239999999996,12.54
384,1/8/2021 0:00,20.35,14.56,50.577900000000035,10.87
385,1/8/2021 0:30,20.32,14.56,50.235000000000035,11.09
386,1/8/2021 1:00,20.33,15.41,49.88570000000004,11.58
387,1/8/2021 1:30,20.31,15.5,49.61940000000004,11.9
388,1/8/2021 2:00,20.15,15.21,49.567900000000044,11.75
389,1/8/2021 2:30,19.99,15.3,49.42820000000003,11.43
390,1/8/2021 3:00,19.89,15.22,49.45420000000003,11.91
391,1/8/2021 3:30,19.33,15.25,49.49820000000002,12.05
392,1/8/2021 4:00,18.93,15.24,53.19129999999998,12.25
393,1/8/2021 4:30,18.6,15.17,56.500200000000035,12.35
394,1/8/2021 5:00,19.4,14.82,56.40910000000004,12.24
395,1/8/2021 5:30,19.21,14.81,57.488323072987775,11.19
396,1/8/2021 6:00,18.4,14.62,58.22716921896328,11.14
397,1/8/2021 6:30,18.26,14.59,62.72104614597552,10.99
398,1/8/2021 7:00,17.8,14.62,69.60989999999998,11.93
399,1/8/2021 7:30,17.69,14.82,71.08552307298773,10.55
400,1/8/2021 8:00,17.4,14.85,72.40620000000001,10.17
401,1/8/2021 8:30,17.31,14.84,73.7768,9.74
402,1/8/2021 9:00,16.88,14.84,74.73720000000002,9.8
403,1/8/2021 9:30,16.63,14.84,76.28739999999999,9.35
404,1/8/2021 10:00,16.34,14.85,73.83749999999998,9.42
405,1/8/2021 10:30,16.25,14.79,75.59829999999997,9.22
406,1/8/2021 11:00,15.83,14.8,75.57149999999997,9.41
407,1/8/2021 11:30,15.52,14.65,74.96449999999997,9.31
408,1/8/2021 12:00,15.41,14.56,75.22679999999997,9.33
409,1/8/2021 12:30,15.25,14.45,75.65879999999999,9.18
410,1/8/2021 13:00,15.23,14.33,75.75380000000001,9.16
411,1/8/2021 13:30,15.18,13.99,76.30109999999999,9.22
412,1/8/2021 14:00,15.11,13.92,76.47579999999998,9.13
413,1/8/2021 14:30,15.06,13.86,76.7625,9.15
414,1/8/2021 15:00,15.06,13.85,77.31460000000003,9.23
415,1/8/2021 15:30,14.94,13.83,77.37100000000004,9.37
416,1/8/2021 16:00,14.93,13.73,78.0901,9.42
417,1/8/2021 16:30,14.92,13.79,78.61970000000002,9.07
418,1/8/2021 17:00,14.88,13.78,78.2797,8.9
419,1/8/2021 17:30,14.86,13.74,78.57620000000001,8.67
420,1/8/2021 18:00,14.82,13.72,77.96510000000002,8.74
421,1/8/2021 18:30,14.83,13.9,77.79260000000004,9.01
422,1/8/2021 19:00,14.8,13.91,77.16980000000001,8.93
423,1/8/2021 19:30,14.89,13.95,71.21409999999996,9.04
424,1/8/2021 20:00,15.07,14.06,66.41710000000002,9.06
425,1/8/2021 20:30,15.55,14.59,63.800599999999996,9.09
426,1/8/2021 21:00,17.89,14.76,64.18490000000001,9.03
427,1/8/2021 21:30,18.64,14.79,66.00090000000004,9.27
428,1/8/2021 22:00,18.98,14.8,64.30059999999997,10.09
429,1/8/2021 22:30,19.4,14.9,63.685499999999976,10.42
430,1/8/2021 23:00,19.69,14.36,62.489999999999974,11.17
431,1/8/2021 23:30,20.07,14.86,62.39159999999996,11.8
432,1/9/2021 0:00,20.47,14.56,50.900700000000036,10.96
433,1/9/2021 0:30,20.44,14.56,51.027200000000036,11.17
434,1/9/2021 1:00,20.44,15.41,50.46720000000005,11.67
435,1/9/2021 1:30,20.48,15.5,50.24140000000005,12.04
436,1/9/2021 2:00,20.26,15.21,50.350900000000046,11.85
437,1/9/2021 2:30,20.2,15.3,50.21120000000005,11.54
438,1/9/2021 3:00,20.1,15.22,49.97870000000003,12.02
439,1/9/2021 3:30,19.88,15.25,50.07390000000003,12.16
440,1/9/2021 4:00,19.35,15.24,53.88989999999999,12.37
441,1/9/2021 4:30,18.99,15.17,56.500200000000035,12.43
442,1/9/2021 5:00,19.86,14.82,56.207800000000034,12.33
443,1/9/2021 5:30,19.58,14.81,57.73972307298778,11.28
444,1/9/2021 6:00,18.7,14.62,58.93446921896328,11.26
445,1/9/2021 6:30,18.57,14.59,64.60384614597552,11.12
446,1/9/2021 7:00,17.85,14.62,70.68409999999999,12.04
447,1/9/2021 7:30,17.72,14.82,72.20692307298773,10.72
448,1/9/2021 8:00,17.42,14.85,74.84510000000002,10.37
449,1/9/2021 8:30,17.31,14.84,76.2864,9.98
450,1/9/2021 9:00,16.88,14.84,77.7159,10.04
451,1/9/2021 9:30,16.63,14.84,78.86879999999995,9.71
452,1/9/2021 10:00,16.34,14.85,76.40909999999997,9.69
453,1/9/2021 10:30,16.25,14.79,78.57269999999994,9.49
454,1/9/2021 11:00,15.8,14.8,78.57129999999995,9.68
455,1/9/2021 11:30,15.47,14.65,78.53389999999995,9.58
456,1/9/2021 12:00,15.37,14.56,79.44009999999996,9.58
457,1/9/2021 12:30,15.21,14.45,79.77329999999995,9.43
458,1/9/2021 13:00,15.19,14.33,80.01689999999995,9.42
459,1/9/2021 13:30,15.14,13.99,79.69629999999995,9.47
460,1/9/2021 14:00,15.07,13.92,79.68819999999994,9.37
461,1/9/2021 14:30,15.0,13.86,80.91789999999997,9.39
462,1/9/2021 15:00,15.0,13.85,80.86659999999998,9.47
463,1/9/2021 15:30,14.89,13.83,81.24199999999998,9.61
464,1/9/2021 16:00,14.89,13.73,81.95009999999996,9.68
465,1/9/2021 16:30,14.87,13.79,82.16929999999996,9.33
466,1/9/2021 17:00,14.81,13.78,81.52209999999997,9.16
467,1/9/2021 17:30,14.79,13.74,81.35719999999998,8.93
468,1/9/2021 18:00,14.75,13.72,80.49870000000001,9.01
469,1/9/2021 18:30,14.77,13.9,80.12860000000005,9.28
470,1/9/2021 19:00,14.75,13.91,79.21730000000005,9.2
471,1/9/2021 19:30,14.88,13.95,72.18079999999999,9.31
472,1/9/2021 20:00,15.07,14.06,66.31090000000002,9.33
473,1/9/2021 20:30,15.54,14.59,63.55530000000002,9.33
474,1/9/2021 21:00,17.82,14.76,65.26800000000001,9.27
475,1/9/2021 21:30,18.65,14.79,68.62760000000004,9.55
476,1/9/2021 22:00,18.95,14.8,66.04519999999998,10.31
477,1/9/2021 22:30,19.42,14.9,63.90299999999998,10.71
478,1/9/2021 23:00,19.71,14.36,62.596099999999986,11.35
479,1/9/2021 23:30,20.11,14.86,62.36119999999997,11.94
480,1/10/2021 0:00,20.58,14.56,50.09110000000004,10.07
481,1/10/2021 0:30,20.57,14.56,50.21760000000004,10.43
482,1/10/2021 1:00,20.56,15.41,49.62450000000004,10.88
483,1/10/2021 1:30,20.59,15.5,49.40150000000004,11.53
484,1/10/2021 2:00,20.41,15.21,49.51100000000004,11.54
485,1/10/2021 2:30,20.38,15.3,49.37130000000004,11.26
486,1/10/2021 3:00,20.18,15.22,49.17090000000004,11.77
487,1/10/2021 3:30,20.03,15.25,49.235800000000026,11.87
488,1/10/2021 4:00,19.73,15.24,52.99639999999999,12.06
489,1/10/2021 4:30,19.34,15.17,55.23770000000001,12.13
490,1/10/2021 5:00,20.38,14.82,54.64430000000003,11.99
491,1/10/2021 5:30,19.99,14.81,55.91440000000003,10.96
492,1/10/2021 6:00,19.29,14.62,58.02040000000004,10.92
493,1/10/2021 6:30,19.05,14.59,62.927500000000016,10.78
494,1/10/2021 7:00,17.99,14.62,70.25659999999998,11.93
495,1/10/2021 7:30,17.85,14.82,72.10864614597546,10.59
496,1/10/2021 8:00,17.51,14.85,75.2042,10.28
497,1/10/2021 8:30,17.33,14.84,78.40439999999998,9.8
498,1/10/2021 9:00,16.89,14.84,79.66279999999999,9.85
499,1/10/2021 9:30,16.64,14.84,80.30279999999998,9.41
500,1/10/2021 10:00,16.35,14.85,78.66979999999997,9.41
501,1/10/2021 10:30,16.27,14.79,80.02039999999997,9.21
502,1/10/2021 11:00,15.83,14.8,80.51799999999997,9.39
503,1/10/2021 11:30,15.5,14.65,81.47549999999997,9.29
504,1/10/2021 12:00,15.37,14.56,82.98369999999997,9.27
505,1/10/2021 12:30,15.21,14.45,84.06039999999999,9.12
506,1/10/2021 13:00,15.19,14.33,86.1594,9.11
507,1/10/2021 13:30,15.14,13.99,86.3555,9.16
508,1/10/2021 14:00,15.07,13.92,86.90880000000001,9.07
509,1/10/2021 14:30,15.01,13.86,88.1452,9.15
510,1/10/2021 15:00,15.01,13.85,88.2138,9.23
511,1/10/2021 15:30,14.9,13.83,88.9401,9.39
512,1/10/2021 16:00,14.89,13.73,89.65629999999999,9.45
513,1/10/2021 16:30,14.87,13.79,90.11619999999998,9.06
514,1/10/2021 17:00,14.81,13.78,90.22859999999997,8.86
515,1/10/2021 17:30,14.79,13.74,90.28539999999997,8.62
516,1/10/2021 18:00,14.75,13.72,90.09429999999996,8.77
517,1/10/2021 18:30,14.77,13.9,90.09709999999997,9.07
518,1/10/2021 19:00,14.75,13.91,89.85009999999998,8.99
519,1/10/2021 19:30,14.88,13.95,82.2793,9.1
520,1/10/2021 20:00,15.06,14.06,77.8134,9.12
521,1/10/2021 20:30,15.54,14.59,74.39349999999997,9.11
522,1/10/2021 21:00,17.81,14.76,72.50910000000002,9.07
523,1/10/2021 21:30,18.65,14.79,72.37240000000001,9.41
524,1/10/2021 22:00,18.95,14.8,68.45029999999996,9.5
525,1/10/2021 22:30,19.41,14.9,65.02329999999999,9.85
526,1/10/2021 23:00,19.7,14.36,63.30519999999998,10.68
527,1/10/2021 23:30,20.11,14.86,62.02519999999997,11.12
528,1/11/2021 0:00,23.14,14.56,49.90730000000004,8.21
529,1/11/2021 0:30,23.18,14.56,49.73420000000004,8.59
530,1/11/2021 1:00,23.33,15.41,49.141100000000044,9.26
531,1/11/2021 1:30,23.51,15.5,48.91810000000004,9.69
532,1/11/2021 2:00,23.53,15.21,49.02480000000004,10.02
533,1/11/2021 2:30,23.63,15.3,48.88510000000004,9.79
534,1/11/2021 3:00,23.55,15.22,48.68470000000004,10.4
535,1/11/2021 3:30,23.55,15.25,48.71930000000003,10.58
536,1/11/2021 4:00,23.4,15.24,52.81059999999999,10.82
537,1/11/2021 4:30,23.53,15.17,55.15250000000002,10.96
538,1/11/2021 5:00,22.72,14.82,55.13860000000003,10.78
539,1/11/2021 5:30,22.09,14.81,56.47100000000003,9.35
540,1/11/2021 6:00,22.08,14.62,58.11770000000005,9.11
541,1/11/2021 6:30,21.31,14.59,62.06540000000005,9.02
542,1/11/2021 7:00,18.18,14.62,69.76879999999997,11.04
543,1/11/2021 7:30,17.97,14.82,71.37404614597546,9.75
544,1/11/2021 8:00,17.56,14.85,75.6178,10.06
545,1/11/2021 8:30,17.33,14.84,78.87519999999998,9.55
546,1/11/2021 9:00,16.89,14.84,80.3933,9.64
547,1/11/2021 9:30,16.64,14.84,81.54209999999998,9.19
548,1/11/2021 10:00,16.35,14.85,81.29789999999997,9.41
549,1/11/2021 10:30,16.29,14.79,82.11569999999998,9.21
550,1/11/2021 11:00,15.83,14.8,82.07179999999998,9.39
551,1/11/2021 11:30,15.5,14.65,82.65299999999998,9.29
552,1/11/2021 12:00,15.37,14.56,84.1447,9.27
553,1/11/2021 12:30,15.21,14.45,84.68029999999999,9.12
554,1/11/2021 13:00,15.19,14.33,86.68619999999999,9.11
555,1/11/2021 13:30,15.14,13.99,86.5068,9.16
556,1/11/2021 14:00,15.07,13.92,86.89209999999999,9.07
557,1/11/2021 14:30,15.0,13.86,88.06109999999998,9.15
558,1/11/2021 15:00,15.0,13.85,88.3098,9.23
559,1/11/2021 15:30,14.89,13.83,89.03529999999999,9.39
560,1/11/2021 16:00,14.89,13.73,89.57849999999999,9.45
561,1/11/2021 16:30,14.87,13.79,89.92789999999997,9.06
562,1/11/2021 17:00,14.81,13.78,89.87329999999999,8.86
563,1/11/2021 17:30,14.79,13.74,89.93059999999996,8.62
564,1/11/2021 18:00,14.75,13.72,89.85539999999996,8.77
565,1/11/2021 18:30,14.77,13.9,89.91869999999997,9.07
566,1/11/2021 19:00,14.74,13.91,89.57339999999998,8.99
567,1/11/2021 19:30,14.89,13.95,81.87030000000001,9.1
568,1/11/2021 20:00,15.16,14.06,78.67380000000003,9.12
569,1/11/2021 20:30,15.62,14.59,74.69109999999999,9.11
570,1/11/2021 21:00,17.8,14.76,73.976,9.05
571,1/11/2021 21:30,18.73,14.79,73.1898,9.39
572,1/11/2021 22:00,19.0,14.8,68.74269999999996,9.47
573,1/11/2021 22:30,19.46,14.9,64.8356,9.73
574,1/11/2021 23:00,19.79,14.36,63.55419999999997,10.5
575,1/11/2021 23:30,20.22,14.86,61.970399999999984,10.89
576,1/12/2021 0:00,23.58,14.56,49.65120000000004,7.52
577,1/12/2021 0:30,23.65,14.56,49.47810000000003,7.9
578,1/12/2021 1:00,23.86,15.41,48.712600000000045,8.78
579,1/12/2021 1:30,24.0,15.5,48.489600000000046,9.58
580,1/12/2021 2:00,24.03,15.21,48.641700000000036,9.96
581,1/12/2021 2:30,24.2,15.3,48.39600000000004,9.69
582,1/12/2021 3:00,24.12,15.22,48.195600000000034,10.37
583,1/12/2021 3:30,24.0,15.25,48.343200000000024,10.54
584,1/12/2021 4:00,23.84,15.24,51.7388,10.82
585,1/12/2021 4:30,23.96,15.17,51.99300000000002,11.0
586,1/12/2021 5:00,23.08,14.82,53.06350000000004,10.82
587,1/12/2021 5:30,22.5,14.81,54.78210000000003,9.36
588,1/12/2021 6:00,22.62,14.62,57.64490000000004,9.12
589,1/12/2021 6:30,21.78,14.59,61.740400000000044,9.05
590,1/12/2021 7:00,18.29,14.62,70.52569999999999,10.4
591,1/12/2021 7:30,18.07,14.82,71.41734614597546,9.44
592,1/12/2021 8:00,17.68,14.85,75.1018,9.99
593,1/12/2021 8:30,17.39,14.84,78.64689999999996,9.48
594,1/12/2021 9:00,16.91,14.84,80.48459999999997,9.61
595,1/12/2021 9:30,16.66,14.84,82.08929999999997,9.22
596,1/12/2021 10:00,16.37,14.85,81.97009999999996,9.41
597,1/12/2021 10:30,16.29,14.79,82.37309999999998,9.21
598,1/12/2021 11:00,15.84,14.8,82.4871,9.39
599,1/12/2021 11:30,15.53,14.65,83.49519999999997,9.29
600,1/12/2021 12:00,15.41,14.56,84.98859999999999,9.27
601,1/12/2021 12:30,15.25,14.45,86.2176,9.12
602,1/12/2021 13:00,15.23,14.33,87.90469999999999,9.11
603,1/12/2021 13:30,15.18,13.99,87.4712,9.16
604,1/12/2021 14:00,15.1,13.92,87.80819999999999,9.07
605,1/12/2021 14:30,15.05,13.86,88.0566,9.15
606,1/12/2021 15:00,15.05,13.85,88.6621,9.23
607,1/12/2021 15:30,14.91,13.83,89.10829999999999,9.39
608,1/12/2021 16:00,14.92,13.73,89.42219999999998,9.45
609,1/12/2021 16:30,14.89,13.79,89.53259999999999,9.06
610,1/12/2021 17:00,14.87,13.78,89.43399999999998,8.86
611,1/12/2021 17:30,14.85,13.74,89.61089999999999,8.62
612,1/12/2021 18:00,14.77,13.72,89.47499999999997,8.77
613,1/12/2021 18:30,14.77,13.9,89.5908,9.07
614,1/12/2021 19:00,14.73,13.91,88.97329999999998,8.99
615,1/12/2021 19:30,14.89,13.95,82.0451,9.1
616,1/12/2021 20:00,15.16,14.06,79.05510000000004,9.12
617,1/12/2021 20:30,15.62,14.59,75.38119999999999,9.11
618,1/12/2021 21:00,17.82,14.76,74.34899999999999,9.04
619,1/12/2021 21:30,18.73,14.79,73.7593,9.39
620,1/12/2021 22:00,19.0,14.8,69.58779999999996,9.44
621,1/12/2021 22:30,19.44,14.9,65.0837,9.74
622,1/12/2021 23:00,19.79,14.36,63.92429999999999,10.53
623,1/12/2021 23:30,20.24,14.86,62.05899999999999,10.9
624,1/13/2021 0:00,23.59,14.56,49.44640000000003,7.19
625,1/13/2021 0:30,23.66,14.56,49.23080000000004,7.55
626,1/13/2021 1:00,23.83,15.41,48.496700000000054,8.52
627,1/13/2021 1:30,23.97,15.5,48.22120000000005,9.37
628,1/13/2021 2:00,24.0,15.21,48.40280000000004,9.86
629,1/13/2021 2:30,24.15,15.3,48.157100000000035,9.54
630,1/13/2021 3:00,24.08,15.22,47.985200000000034,10.36
631,1/13/2021 3:30,23.97,15.25,48.13280000000003,10.54
632,1/13/2021 4:00,23.84,15.24,51.5259,10.86
633,1/13/2021 4:30,24.0,15.17,51.73930000000002,11.05
634,1/13/2021 5:00,23.12,14.82,52.93700000000003,10.86
635,1/13/2021 5:30,22.49,14.81,54.27050000000003,9.33
636,1/13/2021 6:00,22.67,14.62,57.071600000000046,9.09
637,1/13/2021 6:30,21.8,14.59,62.00110000000005,9.0
638,1/13/2021 7:00,18.28,14.62,71.6023,10.41
639,1/13/2021 7:30,18.09,14.82,72.35284614597548,9.9
640,1/13/2021 8:00,17.7,14.85,75.12619999999998,10.49
641,1/13/2021 8:30,17.39,14.84,78.36609999999996,9.98
642,1/13/2021 9:00,16.91,14.84,80.44679999999997,10.06
643,1/13/2021 9:30,16.67,14.84,81.91169999999997,9.69
644,1/13/2021 10:00,16.38,14.85,81.96609999999997,9.6
645,1/13/2021 10:30,16.3,14.79,82.47449999999998,9.48
646,1/13/2021 11:00,15.86,14.8,82.4938,9.67
647,1/13/2021 11:30,15.53,14.65,83.61679999999998,9.56
648,1/13/2021 12:00,15.41,14.56,85.05590000000001,9.46
649,1/13/2021 12:30,15.25,14.45,86.09639999999999,9.33
650,1/13/2021 13:00,15.23,14.33,87.58359999999999,9.31
651,1/13/2021 13:30,15.18,13.99,87.14219999999997,9.36
652,1/13/2021 14:00,15.1,13.92,87.25529999999998,9.19
653,1/13/2021 14:30,15.05,13.86,87.5106,9.24
654,1/13/2021 15:00,15.05,13.85,87.1626,9.32
655,1/13/2021 15:30,14.91,13.83,86.7464,9.48
656,1/13/2021 16:00,14.93,13.73,85.76879999999997,9.54
657,1/13/2021 16:30,14.91,13.79,85.65419999999996,9.16
658,1/13/2021 17:00,14.91,13.78,85.49629999999998,8.96
659,1/13/2021 17:30,14.89,13.74,85.63399999999997,8.72
660,1/13/2021 18:00,14.8,13.72,85.52019999999997,8.87
661,1/13/2021 18:30,14.78,13.9,85.58219999999997,9.19
662,1/13/2021 19:00,14.74,13.91,84.65439999999997,9.08
663,1/13/2021 19:30,14.91,13.95,81.9023,9.2
664,1/13/2021 20:00,15.17,14.06,76.93090000000002,9.22
665,1/13/2021 20:30,15.63,14.59,72.53319999999998,9.24
666,1/13/2021 21:00,17.79,14.76,73.13399999999999,9.18
667,1/13/2021 21:30,18.72,14.79,72.5888,9.54
668,1/13/2021 22:00,18.99,14.8,69.08659999999996,9.46
669,1/13/2021 22:30,19.44,14.9,65.34249999999999,9.69
670,1/13/2021 23:00,19.82,14.36,64.14179999999998,10.59
671,1/13/2021 23:30,20.27,14.86,62.142599999999995,10.91
672,1/14/2021 0:00,23.64,14.56,49.62250000000004,7.08
673,1/14/2021 0:30,23.6,14.56,49.406900000000036,7.58
674,1/14/2021 1:00,23.76,15.41,48.67280000000005,8.68
675,1/14/2021 1:30,23.9,15.5,48.39730000000005,9.59
676,1/14/2021 2:00,23.92,15.21,48.57890000000004,9.87
677,1/14/2021 2:30,23.97,15.3,48.33320000000003,9.63
678,1/14/2021 3:00,23.92,15.22,48.12920000000004,10.35
679,1/14/2021 3:30,23.89,15.25,48.319900000000025,10.46
680,1/14/2021 4:00,23.77,15.24,51.712999999999994,10.77
681,1/14/2021 4:30,23.87,15.17,51.88000000000002,10.87
682,1/14/2021 5:00,22.96,14.82,53.45750000000004,10.64
683,1/14/2021 5:30,22.46,14.81,54.87160000000003,8.86
684,1/14/2021 6:00,22.67,14.62,58.05730000000004,8.59
685,1/14/2021 6:30,21.92,14.59,63.053200000000054,8.48
686,1/14/2021 7:00,18.22,14.62,72.49389999999998,10.35
687,1/14/2021 7:30,18.04,14.82,73.25104614597548,9.94
688,1/14/2021 8:00,17.68,14.85,75.6562,10.44
689,1/14/2021 8:30,17.36,14.84,78.78409999999997,9.93
690,1/14/2021 9:00,16.91,14.84,80.87019999999997,10.02
691,1/14/2021 9:30,16.67,14.84,81.76839999999996,9.64
692,1/14/2021 10:00,16.4,14.85,81.73149999999995,9.62
693,1/14/2021 10:30,16.32,14.79,82.22469999999997,9.52
694,1/14/2021 11:00,15.87,14.8,82.08229999999999,9.67
695,1/14/2021 11:30,15.55,14.65,83.05029999999996,9.56
696,1/14/2021 12:00,15.47,14.56,84.5845,9.46
697,1/14/2021 12:30,15.32,14.45,85.0861,9.33
698,1/14/2021 13:00,15.3,14.33,85.3974,9.31
699,1/14/2021 13:30,15.23,13.99,84.5253,9.36
700,1/14/2021 14:00,15.15,13.92,84.479,9.19
701,1/14/2021 14:30,15.11,13.86,85.1656,9.24
702,1/14/2021 15:00,15.11,13.85,85.32539999999999,9.32
703,1/14/2021 15:30,15.0,13.83,84.92969999999997,9.48
704,1/14/2021 16:00,15.02,13.73,84.42069999999995,9.54
705,1/14/2021 16:30,14.96,13.79,84.63669999999995,9.16
706,1/14/2021 17:00,14.94,13.78,84.20559999999998,8.96
707,1/14/2021 17:30,14.92,13.74,84.13159999999998,8.72
708,1/14/2021 18:00,14.84,13.72,83.56889999999997,8.87
709,1/14/2021 18:30,14.83,13.9,83.70479999999998,9.19
710,1/14/2021 19:00,14.79,13.91,83.31919999999997,9.08
711,1/14/2021 19:30,14.93,13.95,81.73549999999999,9.2
712,1/14/2021 20:00,15.23,14.06,76.15020000000003,9.22
713,1/14/2021 20:30,15.68,14.59,71.55649999999996,9.24
714,1/14/2021 21:00,17.86,14.76,71.92549999999997,9.18
715,1/14/2021 21:30,18.79,14.79,71.75699999999995,9.59
716,1/14/2021 22:00,19.0,14.8,67.71039999999995,9.62
717,1/14/2021 22:30,19.44,14.9,65.0293,9.87
718,1/14/2021 23:00,19.84,14.36,64.29209999999999,10.83
719,1/14/2021 23:30,20.28,14.86,62.29579999999999,11.29
720,1/15/2021 0:00,23.69,14.56,50.162900000000036,8.04
721,1/15/2021 0:30,23.65,14.56,49.947300000000034,8.54
722,1/15/2021 1:00,23.81,15.41,49.21320000000004,9.18
723,1/15/2021 1:30,23.9,15.5,48.93770000000004,9.91
724,1/15/2021 2:00,23.92,15.21,49.15530000000003,10.07
725,1/15/2021 2:30,23.92,15.3,48.909600000000026,9.8
726,1/15/2021 3:00,23.87,15.22,48.619400000000034,10.43
727,1/15/2021 3:30,23.79,15.25,48.98250000000003,10.57
728,1/15/2021 4:00,23.67,15.24,52.428000000000004,10.95
729,1/15/2021 4:30,23.85,15.17,52.29840000000002,10.97
730,1/15/2021 5:00,23.27,14.82,54.28950000000003,10.75
731,1/15/2021 5:30,22.69,14.81,55.88520000000003,8.95
732,1/15/2021 6:00,22.82,14.62,58.068100000000044,8.63
733,1/15/2021 6:30,22.09,14.59,63.208400000000026,8.52
734,1/15/2021 7:00,18.29,14.62,71.57269999999998,10.22
735,1/15/2021 7:30,18.12,14.82,72.55164614597547,9.4
736,1/15/2021 8:00,17.77,14.85,75.66769999999998,9.9
737,1/15/2021 8:30,17.46,14.84,78.70939999999996,9.41
738,1/15/2021 9:00,17.04,14.84,79.56399999999998,9.53
739,1/15/2021 9:30,16.8,14.84,79.91129999999994,9.24
740,1/15/2021 10:00,16.47,14.85,79.71609999999995,9.62
741,1/15/2021 10:30,16.39,14.79,80.45389999999996,9.52
742,1/15/2021 11:00,15.89,14.8,80.32399999999998,9.67
743,1/15/2021 11:30,15.55,14.65,81.62339999999998,9.56
744,1/15/2021 12:00,15.47,14.56,83.03379999999999,9.46
745,1/15/2021 12:30,15.32,14.45,83.9971,9.33
746,1/15/2021 13:00,15.3,14.33,83.58520000000003,9.31
747,1/15/2021 13:30,15.23,13.99,83.48560000000003,9.36
748,1/15/2021 14:00,15.15,13.92,83.33590000000002,9.19
749,1/15/2021 14:30,15.11,13.86,83.37820000000002,9.24
750,1/15/2021 15:00,15.11,13.85,83.58529999999999,9.32
751,1/15/2021 15:30,15.0,13.83,83.4067,9.48
752,1/15/2021 16:00,15.02,13.73,83.1608,9.54
753,1/15/2021 16:30,14.97,13.79,83.43469999999999,9.16
754,1/15/2021 17:00,14.95,13.78,83.1653,8.96
755,1/15/2021 17:30,14.93,13.74,83.18840000000002,8.72
756,1/15/2021 18:00,14.85,13.72,82.66689999999998,8.87
757,1/15/2021 18:30,14.85,13.9,82.96500000000002,9.19
758,1/15/2021 19:00,14.81,13.91,81.75639999999997,9.08
759,1/15/2021 19:30,14.92,13.95,79.9148,9.2
760,1/15/2021 20:00,15.23,14.06,73.95240000000001,9.25
761,1/15/2021 20:30,15.68,14.59,69.60869999999996,9.27
762,1/15/2021 21:00,17.94,14.76,71.07159999999999,9.21
763,1/15/2021 21:30,18.86,14.79,72.05049999999997,9.6
764,1/15/2021 22:00,18.97,14.8,67.60879999999995,9.87
765,1/15/2021 22:30,19.46,14.9,63.085699999999996,10.12
766,1/15/2021 23:00,19.6,14.36,63.27529999999999,11.21
767,1/15/2021 23:30,20.08,14.86,61.36339999999998,12.0
768,1/16/2021 0:00,24.05,14.56,50.20410000000005,9.94
769,1/16/2021 0:30,23.99,14.56,50.02410000000003,10.24
770,1/16/2021 1:00,24.12,15.41,49.29000000000005,10.67
771,1/16/2021 1:30,24.19,15.5,49.01450000000004,11.23
772,1/16/2021 2:00,24.21,15.21,49.22580000000004,11.45
773,1/16/2021 2:30,24.27,15.3,48.980100000000036,11.47
774,1/16/2021 3:00,24.17,15.22,48.649100000000026,11.73
775,1/16/2021 3:30,24.05,15.25,48.974500000000035,11.92
776,1/16/2021 4:00,23.83,15.24,52.42,11.94
777,1/16/2021 4:30,24.02,15.17,52.03540000000002,11.56
778,1/16/2021 5:00,23.4,14.82,54.11120000000003,11.4
779,1/16/2021 5:30,22.76,14.81,55.62230000000003,10.38
780,1/16/2021 6:00,22.85,14.62,58.10080000000003,10.05
781,1/16/2021 6:30,22.22,14.59,63.07360000000001,9.85
782,1/16/2021 7:00,18.6,14.62,71.89759999999998,10.81
783,1/16/2021 7:30,18.24,14.82,72.68924614597546,9.76
784,1/16/2021 8:00,17.81,14.85,75.71399999999998,10.11
785,1/16/2021 8:30,17.52,14.84,78.46369999999996,9.55
786,1/16/2021 9:00,17.11,14.84,79.17479999999998,9.63
787,1/16/2021 9:30,16.86,14.84,79.67219999999995,9.35
788,1/16/2021 10:00,16.48,14.85,79.28299999999994,9.62
789,1/16/2021 10:30,16.4,14.79,80.43539999999996,9.52
790,1/16/2021 11:00,15.89,14.8,80.46449999999996,9.67
791,1/16/2021 11:30,15.55,14.65,81.99339999999997,9.56
792,1/16/2021 12:00,15.47,14.56,83.82839999999999,9.46
793,1/16/2021 12:30,15.32,14.45,84.67090000000002,9.33
794,1/16/2021 13:00,15.3,14.33,85.71240000000002,9.31
795,1/16/2021 13:30,15.23,13.99,85.70260000000002,9.36
796,1/16/2021 14:00,15.18,13.92,85.6542,9.19
797,1/16/2021 14:30,15.14,13.86,85.4911,9.24
798,1/16/2021 15:00,15.14,13.85,85.54270000000001,9.32
799,1/16/2021 15:30,15.03,13.83,85.20819999999998,9.48
800,1/16/2021 16:00,15.05,13.73,85.06679999999999,9.54
801,1/16/2021 16:30,15.0,13.79,85.45209999999999,9.16
802,1/16/2021 17:00,14.98,13.78,85.1295,8.96
803,1/16/2021 17:30,14.96,13.74,85.1003,8.72
804,1/16/2021 18:00,14.88,13.72,84.47459999999997,8.87
805,1/16/2021 18:30,14.88,13.9,84.6049,9.19
806,1/16/2021 19:00,14.84,13.91,83.752,9.08
807,1/16/2021 19:30,14.97,13.95,81.24269999999999,9.19
808,1/16/2021 20:00,15.24,14.06,75.58500000000001,9.24
809,1/16/2021 20:30,15.69,14.59,70.68929999999996,9.25
810,1/16/2021 21:00,17.89,14.76,70.5299,9.19
811,1/16/2021 21:30,18.81,14.79,71.49379999999998,9.58
812,1/16/2021 22:00,18.96,14.8,66.01619999999997,9.84
813,1/16/2021 22:30,19.46,14.9,60.87439999999999,10.09
814,1/16/2021 23:00,19.56,14.36,61.13869999999997,11.18
815,1/16/2021 23:30,20.08,14.86,59.12719999999996,11.95
816,1/17/2021 0:00,24.05,14.56,49.16900000000003,12.07
817,1/17/2021 0:30,23.99,14.56,48.98900000000003,12.19
818,1/17/2021 1:00,24.13,15.41,47.96990000000005,12.63
819,1/17/2021 1:30,24.2,15.5,47.58390000000005,12.94
820,1/17/2021 2:00,24.22,15.21,47.72750000000005,13.63
821,1/17/2021 2:30,24.27,15.3,47.32200000000003,13.86
822,1/17/2021 3:00,24.17,15.22,47.07290000000003,14.05
823,1/17/2021 3:30,24.04,15.25,47.11260000000003,13.93
824,1/17/2021 4:00,23.82,15.24,50.529399999999995,13.84
825,1/17/2021 4:30,24.08,15.17,50.47650000000002,13.58
826,1/17/2021 5:00,23.45,14.82,52.60500000000005,13.44
827,1/17/2021 5:30,22.85,14.81,54.60500000000005,13.35
828,1/17/2021 6:00,22.92,14.62,56.92480000000003,13.02
829,1/17/2021 6:30,22.23,14.59,62.49000000000003,12.82
830,1/17/2021 7:00,18.6,14.62,72.14189999999999,11.41
831,1/17/2021 7:30,18.25,14.82,72.78004614597546,9.9
832,1/17/2021 8:00,17.82,14.85,74.90669999999997,10.09
833,1/17/2021 8:30,17.54,14.84,77.15079999999995,9.52
834,1/17/2021 9:00,17.1,14.84,78.42469999999999,9.65
835,1/17/2021 9:30,16.83,14.84,79.26019999999995,9.32
836,1/17/2021 10:00,16.41,14.85,79.35169999999995,9.58
837,1/17/2021 10:30,16.33,14.79,80.02209999999997,9.48
838,1/17/2021 11:00,15.8,14.8,79.74819999999998,9.64
839,1/17/2021 11:30,15.49,14.65,81.47169999999997,9.56
840,1/17/2021 12:00,15.42,14.56,83.41989999999998,9.47
841,1/17/2021 12:30,15.27,14.45,84.30630000000001,9.32
842,1/17/2021 13:00,15.25,14.33,85.75460000000001,9.28
843,1/17/2021 13:30,15.19,13.99,85.96390000000001,9.33
844,1/17/2021 14:00,15.12,13.92,85.97210000000001,9.16
845,1/17/2021 14:30,15.08,13.86,85.91590000000001,9.19
846,1/17/2021 15:00,15.08,13.85,85.96749999999999,9.18
847,1/17/2021 15:30,14.97,13.83,85.58739999999997,9.32
848,1/17/2021 16:00,14.99,13.73,85.44599999999998,9.38
849,1/17/2021 16:30,14.94,13.79,85.49169999999998,8.98
850,1/17/2021 17:00,14.92,13.78,85.15659999999998,8.78
851,1/17/2021 17:30,14.9,13.74,85.1866,8.55
852,1/17/2021 18:00,14.82,13.72,84.58829999999998,8.69
853,1/17/2021 18:30,14.82,13.9,84.7212,9.02
854,1/17/2021 19:00,14.78,13.91,84.81199999999998,8.93
855,1/17/2021 19:30,14.91,13.95,84.3548,9.07
856,1/17/2021 20:00,15.18,14.06,77.51450000000001,9.15
857,1/17/2021 20:30,15.63,14.59,71.31349999999996,9.16
858,1/17/2021 21:00,17.96,14.76,71.15709999999999,9.12
859,1/17/2021 21:30,18.86,14.79,71.24729999999998,9.44
860,1/17/2021 22:00,18.98,14.8,66.08739999999996,9.67
861,1/17/2021 22:30,19.44,14.9,62.21589999999998,10.06
862,1/17/2021 23:00,19.55,14.36,61.73359999999998,11.33
863,1/17/2021 23:30,20.03,14.86,60.21459999999996,12.17
864,1/18/2021 0:00,24.01,14.56,49.25650000000003,11.96
865,1/18/2021 0:30,23.95,14.56,49.07090000000003,12.24
866,1/18/2021 1:00,24.1,15.41,47.91620000000005,12.63
867,1/18/2021 1:30,24.18,15.5,47.541400000000046,13.03
868,1/18/2021 2:00,24.21,15.21,47.69040000000005,13.65
869,1/18/2021 2:30,24.26,15.3,47.284900000000036,13.78
870,1/18/2021 3:00,24.16,15.22,47.03580000000004,13.95
871,1/18/2021 3:30,24.06,15.25,47.176900000000025,13.84
872,1/18/2021 4:00,23.83,15.24,51.02470000000001,13.8
873,1/18/2021 4:30,24.16,15.17,52.92690000000004,13.51
874,1/18/2021 5:00,23.53,14.82,57.585600000000056,13.39
875,1/18/2021 5:30,22.98,14.81,61.79100000000005,13.31
876,1/18/2021 6:00,23.02,14.62,64.21020000000003,12.96
877,1/18/2021 6:30,22.37,14.59,71.52159999999999,12.71
878,1/18/2021 7:00,18.53,14.62,74.73579999999993,12.12
879,1/18/2021 7:30,18.22,14.82,75.5071461459754,10.79
880,1/18/2021 8:00,17.79,14.85,78.83849999999997,10.32
881,1/18/2021 8:30,17.52,14.84,79.53159999999995,9.69
882,1/18/2021 9:00,17.09,14.84,80.10729999999998,9.89
883,1/18/2021 9:30,16.82,14.84,81.05349999999994,9.49
884,1/18/2021 10:00,16.42,14.85,81.44509999999994,9.62
885,1/18/2021 10:30,16.35,14.79,81.71809999999995,9.48
886,1/18/2021 11:00,15.81,14.8,81.25999999999998,9.64
887,1/18/2021 11:30,15.49,14.65,83.02519999999997,9.6
888,1/18/2021 12:00,15.41,14.56,84.64050000000002,9.51
889,1/18/2021 12:30,15.27,14.45,86.1955,9.4
890,1/18/2021 13:00,15.25,14.33,87.1355,9.36
891,1/18/2021 13:30,15.19,13.99,87.3486,9.37
892,1/18/2021 14:00,15.12,13.92,87.3626,9.2
893,1/18/2021 14:30,15.08,13.86,87.29270000000001,9.23
894,1/18/2021 15:00,15.08,13.85,87.4561,9.22
895,1/18/2021 15:30,14.97,13.83,87.07600000000001,9.36
896,1/18/2021 16:00,14.99,13.73,86.93459999999999,9.41
897,1/18/2021 16:30,14.94,13.79,86.9803,9.01
898,1/18/2021 17:00,14.92,13.78,86.6452,8.81
899,1/18/2021 17:30,14.9,13.74,86.61210000000001,8.58
900,1/18/2021 18:00,14.82,13.72,86.01379999999999,8.73
901,1/18/2021 18:30,14.82,13.9,86.08550000000001,9.04
902,1/18/2021 19:00,14.78,13.91,86.1973,8.95
903,1/18/2021 19:30,14.91,13.95,85.38539999999999,9.08
904,1/18/2021 20:00,15.18,14.06,79.22250000000003,9.16
905,1/18/2021 20:30,15.63,14.59,73.23349999999994,9.19
906,1/18/2021 21:00,17.97,14.76,72.33459999999997,9.15
907,1/18/2021 21:30,18.83,14.79,73.00009999999996,9.43
908,1/18/2021 22:00,18.99,14.8,70.04879999999994,9.81
909,1/18/2021 22:30,19.43,14.9,64.71799999999999,10.21
910,1/18/2021 23:00,19.65,14.36,63.662499999999994,11.58
911,1/18/2021 23:30,20.08,14.86,61.76479999999998,12.51
912,1/19/2021 0:00,24.07,14.56,63.3706,12.49
913,1/19/2021 0:30,24.01,14.56,62.020700000000005,12.81
914,1/19/2021 1:00,24.14,15.41,59.66090000000001,13.23
915,1/19/2021 1:30,24.21,15.5,59.09560000000002,13.44
916,1/19/2021 2:00,24.25,15.21,58.81400000000002,13.98
917,1/19/2021 2:30,24.31,15.3,57.82520000000004,14.09
918,1/19/2021 3:00,24.18,15.22,57.0737,14.05
919,1/19/2021 3:30,24.03,15.25,57.737899999999996,13.85
920,1/19/2021 4:00,23.79,15.24,57.71890000000001,13.77
921,1/19/2021 4:30,24.15,15.17,58.418000000000056,13.48
922,1/19/2021 5:00,23.64,14.82,61.051000000000066,13.36
923,1/19/2021 5:30,22.95,14.81,64.28820000000006,13.33
924,1/19/2021 6:00,23.04,14.62,65.93150000000003,12.98
925,1/19/2021 6:30,22.4,14.59,72.0195,12.81
926,1/19/2021 7:00,18.62,14.62,74.04789999999997,12.18
927,1/19/2021 7:30,18.31,14.82,75.70374614597543,10.93
928,1/19/2021 8:00,17.91,14.85,79.70349999999998,10.4
929,1/19/2021 8:30,17.63,14.84,81.28709999999997,9.75
930,1/19/2021 9:00,17.27,14.84,81.3553,10.01
931,1/19/2021 9:30,17.04,14.84,81.82589999999995,9.46
932,1/19/2021 10:00,16.7,14.85,82.30749999999996,9.61
933,1/19/2021 10:30,16.62,14.79,82.50229999999996,9.47
934,1/19/2021 11:00,16.02,14.8,82.11979999999996,9.64
935,1/19/2021 11:30,15.7,14.65,84.23250000000002,9.57
936,1/19/2021 12:00,15.59,14.56,86.15210000000003,9.48
937,1/19/2021 12:30,15.44,14.45,87.21440000000003,9.37
938,1/19/2021 13:00,15.42,14.33,88.02890000000001,9.33
939,1/19/2021 13:30,15.36,13.99,87.69590000000002,9.37
940,1/19/2021 14:00,15.28,13.92,87.70990000000002,9.2
941,1/19/2021 14:30,15.24,13.86,87.47820000000002,9.23
942,1/19/2021 15:00,15.24,13.85,87.6416,9.22
943,1/19/2021 15:30,15.13,13.83,87.2615,9.36
944,1/19/2021 16:00,15.15,13.73,87.12010000000001,9.41
945,1/19/2021 16:30,15.1,13.79,87.1658,9.01
946,1/19/2021 17:00,15.08,13.78,86.83070000000002,8.81
947,1/19/2021 17:30,15.06,13.74,86.7976,8.58
948,1/19/2021 18:00,14.98,13.72,86.19929999999998,8.73
949,1/19/2021 18:30,14.97,13.9,86.20900000000002,9.04
950,1/19/2021 19:00,14.92,13.91,86.26119999999999,8.95
951,1/19/2021 19:30,15.05,13.95,85.47169999999997,9.09
952,1/19/2021 20:00,15.32,14.06,79.29590000000002,9.17
953,1/19/2021 20:30,15.76,14.59,74.17209999999994,9.2
954,1/19/2021 21:00,18.17,14.76,72.14949999999997,9.14
955,1/19/2021 21:30,18.9,14.79,72.63219999999997,9.44
956,1/19/2021 22:00,19.02,14.8,69.92339999999994,9.9
957,1/19/2021 22:30,19.46,14.9,64.13960000000002,10.36
958,1/19/2021 23:00,19.65,14.36,63.11200000000001,11.41
959,1/19/2021 23:30,20.09,14.86,62.13249999999997,12.23
960,1/20/2021 0:00,24.1,14.56,67.3957,12.41
961,1/20/2021 0:30,24.06,14.56,66.70989999999998,12.76
962,1/20/2021 1:00,24.19,15.41,66.15579999999999,13.09
963,1/20/2021 1:30,24.26,15.5,65.3891,13.22
964,1/20/2021 2:00,24.31,15.21,65.3179,13.69
965,1/20/2021 2:30,24.37,15.3,64.3774,13.85
966,1/20/2021 3:00,24.22,15.22,63.21419999999996,13.83
967,1/20/2021 3:30,24.07,15.25,62.09309999999995,13.65
968,1/20/2021 4:00,23.81,15.24,61.49029999999996,13.61
969,1/20/2021 4:30,24.13,15.17,63.23390000000002,13.28
970,1/20/2021 5:00,23.54,14.82,65.94970000000005,13.23
971,1/20/2021 5:30,22.97,14.81,70.22510000000003,13.2
972,1/20/2021 6:00,23.06,14.62,71.35480000000003,12.81
973,1/20/2021 6:30,22.44,14.59,75.36179999999997,12.64
974,1/20/2021 7:00,18.61,14.62,74.64549999999997,11.98
975,1/20/2021 7:30,18.33,14.82,75.99744614597542,10.86
976,1/20/2021 8:00,17.93,14.85,81.80549999999998,10.37
977,1/20/2021 8:30,17.66,14.84,83.62899999999999,9.68
978,1/20/2021 9:00,17.28,14.84,83.0858,10.0
979,1/20/2021 9:30,17.06,14.84,82.30059999999996,9.59
980,1/20/2021 10:00,16.7,14.85,82.73039999999997,9.98
981,1/20/2021 10:30,16.61,14.79,82.88789999999997,9.94
982,1/20/2021 11:00,16.01,14.8,82.70189999999998,10.1
983,1/20/2021 11:30,15.69,14.65,84.70980000000003,10.05
984,1/20/2021 12:00,15.58,14.56,86.19910000000003,10.0
985,1/20/2021 12:30,15.44,14.45,87.14810000000003,9.8
986,1/20/2021 13:00,15.42,14.33,86.92099999999999,9.78
987,1/20/2021 13:30,15.36,13.99,86.132,9.81
988,1/20/2021 14:00,15.28,13.92,86.031,9.62
989,1/20/2021 14:30,15.24,13.86,85.5275,9.48
990,1/20/2021 15:00,15.24,13.85,85.69169999999998,9.47
991,1/20/2021 15:30,15.13,13.83,85.26579999999996,9.66
992,1/20/2021 16:00,15.15,13.73,84.96139999999995,9.71
993,1/20/2021 16:30,15.1,13.79,84.70569999999996,9.26
994,1/20/2021 17:00,15.08,13.78,84.26209999999998,8.99
995,1/20/2021 17:30,15.06,13.74,84.13559999999998,8.77
996,1/20/2021 18:00,14.98,13.72,83.59469999999997,8.89
997,1/20/2021 18:30,14.97,13.9,83.78679999999999,9.15
998,1/20/2021 19:00,14.92,13.91,83.91119999999997,9.06
999,1/20/2021 19:30,15.05,13.95,84.05249999999995,9.21
1000,1/20/2021 20:00,15.33,14.06,79.8013,9.29
1001,1/20/2021 20:30,15.77,14.59,74.29579999999994,9.41
1002,1/20/2021 21:00,18.26,14.76,71.08239999999999,9.41
1003,1/20/2021 21:30,18.91,14.79,71.08250000000001,9.74
1004,1/20/2021 22:00,19.06,14.8,69.38209999999997,10.14
1005,1/20/2021 22:30,19.46,14.9,63.50610000000002,10.64
1006,1/20/2021 23:00,19.65,14.36,62.373999999999995,11.61
1007,1/20/2021 23:30,20.09,14.86,61.96829999999997,12.09
1008,1/21/2021 0:00,23.6,14.56,65.351,12.39
1009,1/21/2021 0:30,23.58,14.56,64.22799999999998,12.77
1010,1/21/2021 1:00,23.74,15.41,63.1637,12.93
1011,1/21/2021 1:30,23.85,15.5,62.0281,13.07
1012,1/21/2021 2:00,23.92,15.21,62.19519999999999,13.54
1013,1/21/2021 2:30,23.99,15.3,60.380799999999994,13.77
1014,1/21/2021 3:00,23.86,15.22,59.648499999999984,13.83
1015,1/21/2021 3:30,23.73,15.25,59.77889999999996,13.64
1016,1/21/2021 4:00,23.6,15.24,60.47309999999995,13.5
1017,1/21/2021 4:30,23.89,15.17,62.64780000000002,13.13
1018,1/21/2021 5:00,23.27,14.82,65.26170000000003,13.1
1019,1/21/2021 5:30,22.71,14.81,69.19790000000005,13.1
1020,1/21/2021 6:00,22.7,14.62,70.27070000000003,12.68
1021,1/21/2021 6:30,22.09,14.59,75.37749999999997,12.51
1022,1/21/2021 7:00,18.78,14.62,74.31029999999996,11.97
1023,1/21/2021 7:30,18.53,14.82,74.45094614597541,11.24
1024,1/21/2021 8:00,18.12,14.85,78.90039999999996,10.98
1025,1/21/2021 8:30,17.79,14.84,80.76369999999996,10.25
1026,1/21/2021 9:00,17.35,14.84,80.82409999999997,10.36
1027,1/21/2021 9:30,17.12,14.84,80.00329999999991,9.9
1028,1/21/2021 10:00,16.73,14.85,80.01759999999994,10.09
1029,1/21/2021 10:30,16.63,14.79,80.33059999999993,10.05
1030,1/21/2021 11:00,16.04,14.8,80.14309999999996,10.18
1031,1/21/2021 11:30,15.72,14.65,80.78669999999997,10.14
1032,1/21/2021 12:00,15.61,14.56,82.7678,10.12
1033,1/21/2021 12:30,15.44,14.45,82.94299999999997,9.92
1034,1/21/2021 13:00,15.42,14.33,83.33809999999998,9.86
1035,1/21/2021 13:30,15.36,13.99,84.27959999999999,9.89
1036,1/21/2021 14:00,15.28,13.92,84.07259999999998,9.66
1037,1/21/2021 14:30,15.24,13.86,83.91299999999995,9.48
1038,1/21/2021 15:00,15.24,13.85,84.07719999999993,9.43
1039,1/21/2021 15:30,15.13,13.83,83.34639999999997,9.63
1040,1/21/2021 16:00,15.15,13.73,82.81539999999995,9.68
1041,1/21/2021 16:30,15.1,13.79,82.45559999999996,9.22
1042,1/21/2021 17:00,15.08,13.78,82.07799999999996,8.95
1043,1/21/2021 17:30,15.06,13.74,81.76739999999997,8.73
1044,1/21/2021 18:00,14.99,13.72,81.22559999999994,8.85
1045,1/21/2021 18:30,14.97,13.9,81.28229999999996,9.11
1046,1/21/2021 19:00,14.92,13.91,81.30199999999996,9.0
1047,1/21/2021 19:30,15.05,13.95,83.37489999999997,9.15
1048,1/21/2021 20:00,15.35,14.06,79.5444,9.23
1049,1/21/2021 20:30,15.79,14.59,73.85449999999996,9.37
1050,1/21/2021 21:00,18.54,14.76,71.6125,9.37
1051,1/21/2021 21:30,19.21,14.79,72.84760000000003,9.68
1052,1/21/2021 22:00,19.29,14.8,71.7036,10.34
1053,1/21/2021 22:30,19.69,14.9,63.871700000000025,10.92
1054,1/21/2021 23:00,19.94,14.36,63.6069,11.82
1055,1/21/2021 23:30,20.37,14.86,64.42099999999999,12.35
1056,1/22/2021 0:00,22.39,14.56,69.76930000000002,12.84
1057,1/22/2021 0:30,22.4,14.56,67.74709999999999,13.27
1058,1/22/2021 1:00,22.74,15.41,66.84360000000001,13.44
1059,1/22/2021 1:30,22.84,15.5,65.45400000000002,13.5
1060,1/22/2021 2:00,22.84,15.21,66.1515,13.94
1061,1/22/2021 2:30,23.02,15.3,63.91399999999998,14.19
1062,1/22/2021 3:00,22.95,15.22,63.24529999999998,14.3
1063,1/22/2021 3:30,22.77,15.25,63.25819999999998,14.05
1064,1/22/2021 4:00,22.35,15.24,63.82509999999998,13.82
1065,1/22/2021 4:30,22.4,15.17,65.25000000000004,13.41
1066,1/22/2021 5:00,22.34,14.82,67.03840000000004,13.38
1067,1/22/2021 5:30,21.95,14.81,70.81920000000002,13.39
1068,1/22/2021 6:00,22.13,14.62,70.7511,12.88
1069,1/22/2021 6:30,21.61,14.59,75.28619999999997,12.72
1070,1/22/2021 7:00,18.71,14.62,75.88439999999996,11.9
1071,1/22/2021 7:30,18.3,14.82,76.2453461459754,11.21
1072,1/22/2021 8:00,17.89,14.85,80.39169999999997,11.22
1073,1/22/2021 8:30,17.65,14.84,80.93419999999998,10.55
1074,1/22/2021 9:00,17.14,14.84,80.69859999999998,10.61
1075,1/22/2021 9:30,16.93,14.84,80.76459999999994,10.07
1076,1/22/2021 10:00,16.64,14.85,81.26039999999999,10.08
1077,1/22/2021 10:30,16.58,14.79,81.42879999999997,10.04
1078,1/22/2021 11:00,16.04,14.8,81.5749,10.29
1079,1/22/2021 11:30,15.71,14.65,82.678,10.36
1080,1/22/2021 12:00,15.59,14.56,84.35140000000003,10.36
1081,1/22/2021 12:30,15.48,14.45,84.15880000000001,10.26
1082,1/22/2021 13:00,15.46,14.33,84.3941,10.17
1083,1/22/2021 13:30,15.4,13.99,84.60379999999999,10.16
1084,1/22/2021 14:00,15.31,13.92,84.3968,9.97
1085,1/22/2021 14:30,15.27,13.86,84.29439999999997,9.73
1086,1/22/2021 15:00,15.27,13.85,84.51479999999997,9.7
1087,1/22/2021 15:30,15.19,13.83,83.78229999999998,9.85
1088,1/22/2021 16:00,15.22,13.73,83.19509999999997,9.9
1089,1/22/2021 16:30,15.16,13.79,82.89099999999996,9.44
1090,1/22/2021 17:00,15.13,13.78,82.56569999999998,9.12
1091,1/22/2021 17:30,15.11,13.74,82.25079999999997,8.93
1092,1/22/2021 18:00,15.03,13.72,81.77209999999997,9.08
1093,1/22/2021 18:30,14.99,13.9,81.71259999999998,9.32
1094,1/22/2021 19:00,14.94,13.91,81.52029999999996,9.21
1095,1/22/2021 19:30,15.01,13.95,84.29159999999996,9.42
1096,1/22/2021 20:00,15.37,14.06,79.81989999999999,9.5
1097,1/22/2021 20:30,15.81,14.59,73.30874614597546,9.6
1098,1/22/2021 21:00,18.34,14.76,71.71760000000002,9.54
1099,1/22/2021 21:30,18.93,14.79,72.10940000000001,9.83
1100,1/22/2021 22:00,19.07,14.8,67.69109999999998,10.33
1101,1/22/2021 22:30,19.49,14.9,62.479100000000024,10.98
1102,1/22/2021 23:00,19.67,14.36,62.56400000000001,11.93
1103,1/22/2021 23:30,20.19,14.86,62.76639999999998,12.61
1104,1/23/2021 0:00,22.51,14.56,67.72329999999995,12.96
1105,1/23/2021 0:30,22.52,14.56,67.27089999999993,13.39
1106,1/23/2021 1:00,22.76,15.41,66.72739999999996,13.56
1107,1/23/2021 1:30,22.87,15.5,65.98269999999997,13.52
1108,1/23/2021 2:00,22.86,15.21,66.33979999999993,13.94
1109,1/23/2021 2:30,23.01,15.3,63.27949999999993,14.19
1110,1/23/2021 3:00,22.89,15.22,62.091699999999946,14.3
1111,1/23/2021 3:30,22.76,15.25,61.787699999999944,14.06
1112,1/23/2021 4:00,22.49,15.24,62.44759999999994,13.83
1113,1/23/2021 4:30,22.45,15.17,62.45970000000001,13.42
1114,1/23/2021 5:00,22.39,14.82,64.91130000000007,13.38
1115,1/23/2021 5:30,21.95,14.81,67.22450000000005,13.4
1116,1/23/2021 6:00,22.16,14.62,67.17820000000005,12.89
1117,1/23/2021 6:30,21.54,14.59,69.87100000000002,12.72
1118,1/23/2021 7:00,18.69,14.62,75.74549999999995,12.77
1119,1/23/2021 7:30,18.26,14.82,76.05764614597541,11.98
1120,1/23/2021 8:00,17.89,14.85,80.34799999999998,11.37
1121,1/23/2021 8:30,17.58,14.84,81.04929999999997,10.66
1122,1/23/2021 9:00,17.0,14.84,80.90199999999999,10.72
1123,1/23/2021 9:30,16.74,14.84,80.87009999999994,10.15
1124,1/23/2021 10:00,16.32,14.85,81.5054,10.13
1125,1/23/2021 10:30,16.28,14.79,80.87889999999997,10.08
1126,1/23/2021 11:00,15.77,14.8,80.7708,10.31
1127,1/23/2021 11:30,15.46,14.65,81.77159999999998,10.37
1128,1/23/2021 12:00,15.35,14.56,83.54900000000004,10.37
1129,1/23/2021 12:30,15.21,14.45,83.66950000000001,10.27
1130,1/23/2021 13:00,15.18,14.33,84.30210000000001,10.18
1131,1/23/2021 13:30,15.1,13.99,84.45880000000001,10.19
1132,1/23/2021 14:00,15.03,13.92,84.56230000000001,10.03
1133,1/23/2021 14:30,14.97,13.86,84.44159999999997,9.9
1134,1/23/2021 15:00,14.93,13.85,84.54699999999994,9.87
1135,1/23/2021 15:30,14.8,13.83,84.14889999999995,10.02
1136,1/23/2021 16:00,14.81,13.73,83.26949999999995,10.09
1137,1/23/2021 16:30,14.76,13.79,82.83379999999997,9.62
1138,1/23/2021 17:00,14.73,13.78,82.49459999999995,9.3
1139,1/23/2021 17:30,14.71,13.74,82.17599999999995,9.1
1140,1/23/2021 18:00,14.65,13.72,81.69569999999996,9.22
1141,1/23/2021 18:30,14.62,13.9,81.68439999999998,9.46
1142,1/23/2021 19:00,14.59,13.91,81.56729999999996,9.34
1143,1/23/2021 19:30,14.69,13.95,85.59492307298773,9.55
1144,1/23/2021 20:00,15.02,14.06,80.51519229195098,9.62
1145,1/23/2021 20:30,15.43,14.59,73.20970765688969,9.67
1146,1/23/2021 21:00,17.0,14.76,71.38190000000003,9.64
1147,1/23/2021 21:30,17.61,14.79,70.3811,9.9
1148,1/23/2021 22:00,17.94,14.8,67.18519999999995,10.42
1149,1/23/2021 22:30,18.67,14.9,62.230499999999985,10.73
1150,1/23/2021 23:00,18.96,14.36,61.72469999999998,12.08
1151,1/23/2021 23:30,19.39,14.86,60.508299999999956,12.84
1152,1/24/2021 0:00,24.12,14.56,60.27360000000002,12.87
1153,1/24/2021 0:30,24.18,14.56,60.23060000000001,13.28
1154,1/24/2021 1:00,24.24,15.41,59.983800000000016,13.54
1155,1/24/2021 1:30,24.29,15.5,60.385900000000014,13.53
1156,1/24/2021 2:00,24.31,15.21,60.9393,13.94
1157,1/24/2021 2:30,24.47,15.3,60.116400000000006,14.18
1158,1/24/2021 3:00,24.29,15.22,59.89549999999999,14.29
1159,1/24/2021 3:30,24.15,15.25,59.824499999999986,14.06
1160,1/24/2021 4:00,23.94,15.24,60.93029999999995,13.83
1161,1/24/2021 4:30,23.84,15.17,61.11100000000001,13.42
1162,1/24/2021 5:00,23.18,14.82,63.49230000000005,13.38
1163,1/24/2021 5:30,22.83,14.81,64.71920000000004,13.37
1164,1/24/2021 6:00,22.94,14.62,65.70410000000004,12.85
1165,1/24/2021 6:30,21.83,14.59,68.24749999999996,12.7
1166,1/24/2021 7:00,17.7,14.62,75.04859999999994,12.87
1167,1/24/2021 7:30,17.26,14.82,75.81034614597539,12.03
1168,1/24/2021 8:00,16.86,14.85,80.39849999999997,11.47
1169,1/24/2021 8:30,16.69,14.84,80.87679999999996,10.59
1170,1/24/2021 9:00,16.35,14.84,80.59879999999997,10.71
1171,1/24/2021 9:30,16.06,14.84,80.56999999999994,10.22
1172,1/24/2021 10:00,15.76,14.85,81.12269999999997,10.12
1173,1/24/2021 10:30,15.69,14.79,80.07559999999995,10.12
1174,1/24/2021 11:00,15.26,14.8,79.88029999999998,10.38
1175,1/24/2021 11:30,14.93,14.65,81.34189999999998,10.41
1176,1/24/2021 12:00,14.84,14.56,83.4196,10.34
1177,1/24/2021 12:30,14.56,14.45,83.8114,10.31
1178,1/24/2021 13:00,14.54,14.33,86.14219999999999,10.32
1179,1/24/2021 13:30,14.46,13.99,87.42389999999999,10.37
1180,1/24/2021 14:00,14.39,13.92,88.22860000000003,10.32
1181,1/24/2021 14:30,14.34,13.86,88.55260000000003,10.49
1182,1/24/2021 15:00,14.31,13.85,88.7251,10.52
1183,1/24/2021 15:30,14.21,13.83,88.544,10.71
1184,1/24/2021 16:00,14.24,13.73,88.40589999999999,10.79
1185,1/24/2021 16:30,14.13,13.79,88.80009999999999,10.28
1186,1/24/2021 17:00,14.1,13.78,88.79419999999999,9.89
1187,1/24/2021 17:30,14.07,13.74,88.88949999999998,9.69
1188,1/24/2021 18:00,14.02,13.72,88.39719999999997,9.86
1189,1/24/2021 18:30,14.01,13.9,88.8817,10.13
1190,1/24/2021 19:00,14.0,13.91,88.85510000000001,10.19
1191,1/24/2021 19:30,14.14,13.95,86.74349999999998,10.56
1192,1/24/2021 20:00,14.61,14.06,80.5829,10.67
1193,1/24/2021 20:30,15.01,14.59,75.58012307298773,10.69
1194,1/24/2021 21:00,16.91,14.76,72.03090000000005,10.57
1195,1/24/2021 21:30,17.53,14.79,71.30110000000003,10.62
1196,1/24/2021 22:00,17.91,14.8,68.91219999999997,10.89
1197,1/24/2021 22:30,18.67,14.9,64.671,11.25
1198,1/24/2021 23:00,18.9,14.36,63.95369999999999,12.71
1199,1/24/2021 23:30,19.48,14.86,62.42959999999997,13.28
1200,1/25/2021 0:00,24.06,14.56,59.67840000000005,13.11
1201,1/25/2021 0:30,24.13,14.56,59.71770000000005,13.49
1202,1/25/2021 1:00,24.17,15.41,59.444400000000044,13.71
1203,1/25/2021 1:30,24.19,15.5,59.43350000000005,13.68
1204,1/25/2021 2:00,24.23,15.21,58.97420000000005,14.27
1205,1/25/2021 2:30,24.36,15.3,58.550500000000056,14.52
1206,1/25/2021 3:00,24.24,15.22,57.74600000000007,14.64
1207,1/25/2021 3:30,24.16,15.25,57.84070000000007,14.38
1208,1/25/2021 4:00,23.95,15.24,61.97199999999999,14.11
1209,1/25/2021 4:30,24.01,15.17,61.449000000000005,13.66
1210,1/25/2021 5:00,23.38,14.82,64.71020000000001,13.62
1211,1/25/2021 5:30,22.96,14.81,68.95030000000003,13.63
1212,1/25/2021 6:00,22.97,14.62,70.27960000000002,13.13
1213,1/25/2021 6:30,21.8,14.59,73.34219999999998,12.92
1214,1/25/2021 7:00,17.7,14.62,78.5757999999999,13.12
1215,1/25/2021 7:30,17.3,14.82,78.34456921896313,12.41
1216,1/25/2021 8:00,16.91,14.85,81.32199999999997,11.85
1217,1/25/2021 8:30,16.74,14.84,81.68099999999995,11.12
1218,1/25/2021 9:00,16.37,14.84,82.48519999999999,11.23
1219,1/25/2021 9:30,16.08,14.84,83.39549999999996,10.75
1220,1/25/2021 10:00,15.77,14.85,84.9766,10.72
1221,1/25/2021 10:30,15.69,14.79,85.37449999999997,10.65
1222,1/25/2021 11:00,15.27,14.8,85.42849999999999,10.64
1223,1/25/2021 11:30,14.94,14.65,86.39719999999997,10.6
1224,1/25/2021 12:00,14.84,14.56,86.9751,10.53
1225,1/25/2021 12:30,14.57,14.45,87.02469999999995,10.53
1226,1/25/2021 13:00,14.56,14.33,87.23139999999995,10.54
1227,1/25/2021 13:30,14.51,13.99,87.70599999999999,10.59
1228,1/25/2021 14:00,14.4,13.92,88.24490000000002,10.5
1229,1/25/2021 14:30,14.35,13.86,88.2378,10.77
1230,1/25/2021 15:00,14.35,13.85,88.3489,10.81
1231,1/25/2021 15:30,14.26,13.83,88.10989999999998,11.08
1232,1/25/2021 16:00,14.28,13.73,88.20509999999996,11.18
1233,1/25/2021 16:30,14.18,13.79,88.54329999999999,10.75
1234,1/25/2021 17:00,14.15,13.78,88.53829999999998,10.29
1235,1/25/2021 17:30,14.13,13.74,88.4598,10.1
1236,1/25/2021 18:00,14.06,13.72,87.79079999999996,10.25
1237,1/25/2021 18:30,14.05,13.9,88.5697,10.63
1238,1/25/2021 19:00,14.03,13.91,88.22599999999997,10.78
1239,1/25/2021 19:30,14.23,13.95,84.45549999999996,11.19
1240,1/25/2021 20:00,14.6,14.06,79.86009999999999,11.32
1241,1/25/2021 20:30,14.95,14.59,76.8535230729877,11.28
1242,1/25/2021 21:00,17.03,14.76,74.43780000000004,11.02
1243,1/25/2021 21:30,17.59,14.79,74.09120000000003,11.01
1244,1/25/2021 22:00,17.94,14.8,70.77719999999995,11.4
1245,1/25/2021 22:30,18.69,14.9,65.58779999999997,11.44
1246,1/25/2021 23:00,18.86,14.36,64.44249999999998,12.85
1247,1/25/2021 23:30,19.48,14.86,62.85639999999996,13.26
1248,1/26/2021 0:00,24.5,14.56,60.32300000000005,13.26
1249,1/26/2021 0:30,24.57,14.56,59.97690000000005,13.65
1250,1/26/2021 1:00,24.59,15.41,59.54090000000005,13.83
1251,1/26/2021 1:30,24.62,15.5,59.30380000000005,13.8
1252,1/26/2021 2:00,24.65,15.21,58.73590000000004,14.33
1253,1/26/2021 2:30,24.72,15.3,58.30860000000006,14.58
1254,1/26/2021 3:00,24.53,15.22,57.45300000000007,14.7
1255,1/26/2021 3:30,24.42,15.25,57.547700000000056,14.42
1256,1/26/2021 4:00,24.27,15.24,61.17980000000001,14.15
1257,1/26/2021 4:30,24.34,15.17,60.3464,13.69
1258,1/26/2021 5:00,23.72,14.82,64.21529999999998,13.63
1259,1/26/2021 5:30,23.14,14.81,68.65540000000001,13.64
1260,1/26/2021 6:00,23.06,14.62,69.9183,13.14
1261,1/26/2021 6:30,21.84,14.59,73.48409999999997,12.96
1262,1/26/2021 7:00,17.67,14.62,77.9232999999999,12.81
1263,1/26/2021 7:30,17.38,14.82,78.70501536493863,12.05
1264,1/26/2021 8:00,17.02,14.85,80.99970000000002,11.83
1265,1/26/2021 8:30,16.81,14.84,81.52749999999996,11.15
1266,1/26/2021 9:00,16.43,14.84,82.39959999999999,11.21
1267,1/26/2021 9:30,16.12,14.84,84.12819999999996,10.65
1268,1/26/2021 10:00,15.78,14.85,85.68690000000001,10.61
1269,1/26/2021 10:30,15.7,14.79,86.26029999999997,10.53
1270,1/26/2021 11:00,15.26,14.8,86.2256,10.6
1271,1/26/2021 11:30,14.94,14.65,86.47689999999997,10.56
1272,1/26/2021 12:00,14.94,14.56,86.76889999999997,10.49
1273,1/26/2021 12:30,14.88,14.45,86.76279999999997,10.49
1274,1/26/2021 13:00,14.87,14.33,87.23819999999996,10.5
1275,1/26/2021 13:30,14.8,13.99,87.6601,10.55
1276,1/26/2021 14:00,14.71,13.92,87.97390000000001,10.46
1277,1/26/2021 14:30,14.68,13.86,87.85379999999999,10.75
1278,1/26/2021 15:00,14.64,13.85,88.0816,10.79
1279,1/26/2021 15:30,14.55,13.83,87.84259999999999,11.05
1280,1/26/2021 16:00,14.58,13.73,87.82299999999998,11.15
1281,1/26/2021 16:30,14.47,13.79,88.10979999999999,10.72
1282,1/26/2021 17:00,14.44,13.78,88.05109999999999,10.26
1283,1/26/2021 17:30,14.4,13.74,88.07149999999997,10.08
1284,1/26/2021 18:00,14.32,13.72,87.40299999999996,10.23
1285,1/26/2021 18:30,14.32,13.9,88.23249999999996,10.61
1286,1/26/2021 19:00,14.28,13.91,87.89999999999996,10.85
1287,1/26/2021 19:30,14.42,13.95,83.26109999999997,11.26
1288,1/26/2021 20:00,14.78,14.06,77.83590000000005,11.39
1289,1/26/2021 20:30,15.14,14.59,76.76209999999996,11.34
1290,1/26/2021 21:00,17.17,14.76,74.23620000000004,11.07
1291,1/26/2021 21:30,17.8,14.79,74.38620000000002,11.07
1292,1/26/2021 22:00,17.99,14.8,71.70879999999993,10.92
1293,1/26/2021 22:30,18.66,14.9,68.18849999999999,10.72
1294,1/26/2021 23:00,18.71,14.36,66.97869999999998,11.92
1295,1/26/2021 23:30,19.33,14.86,65.55819999999997,12.51
1296,1/27/2021 0:00,24.62,14.56,73.55050000000001,12.53
1297,1/27/2021 0:30,24.8,14.56,72.5998,12.99
1298,1/27/2021 1:00,24.93,15.41,69.00120000000005,13.23
1299,1/27/2021 1:30,25.05,15.5,67.29150000000006,13.2
1300,1/27/2021 2:00,25.11,15.21,65.01540000000001,14.07
1301,1/27/2021 2:30,25.21,15.3,63.87650000000004,14.41
1302,1/27/2021 3:00,25.23,15.22,62.814900000000044,14.51
1303,1/27/2021 3:30,25.25,15.25,62.77040000000005,14.22
1304,1/27/2021 4:00,25.2,15.24,62.84810000000006,13.96
1305,1/27/2021 4:30,25.18,15.17,60.74990000000005,13.47
1306,1/27/2021 5:00,24.41,14.82,64.54370000000003,13.38
1307,1/27/2021 5:30,23.91,14.81,69.49650000000003,13.45
1308,1/27/2021 6:00,23.79,14.62,71.3836,13.04
1309,1/27/2021 6:30,22.93,14.59,72.74959999999996,12.82
1310,1/27/2021 7:00,18.19,14.62,76.97239999999987,12.84
1311,1/27/2021 7:30,17.6262300584502,14.82,78.29721536493861,12.05
1312,1/27/2021 8:00,17.33,14.85,81.44309999999997,11.85
1313,1/27/2021 8:30,17.06,14.84,82.40459999999996,11.12
1314,1/27/2021 9:00,16.67,14.84,82.56439999999999,11.13
1315,1/27/2021 9:30,16.44,14.84,83.97499999999998,10.6
1316,1/27/2021 10:00,15.96,14.85,85.46260000000002,10.61
1317,1/27/2021 10:30,15.82,14.79,85.9807,10.53
1318,1/27/2021 11:00,15.42,14.8,85.83720000000001,10.6
1319,1/27/2021 11:30,15.06,14.65,86.14409999999998,10.56
1320,1/27/2021 12:00,15.03,14.56,86.48839999999998,10.49
1321,1/27/2021 12:30,15.01,14.45,86.58869999999999,10.49
1322,1/27/2021 13:00,15.03,14.33,87.31699999999996,10.5
1323,1/27/2021 13:30,15.02,13.99,88.09729999999999,10.55
1324,1/27/2021 14:00,14.92,13.92,88.46380000000003,10.46
1325,1/27/2021 14:30,14.84,13.86,88.5112,10.75
1326,1/27/2021 15:00,14.8,13.85,88.6916,10.79
1327,1/27/2021 15:30,14.8,13.83,88.39859999999999,11.05
1328,1/27/2021 16:00,14.8,13.73,88.49389999999998,11.15
1329,1/27/2021 16:30,14.63,13.79,88.88019999999999,10.72
1330,1/27/2021 17:00,14.6,13.78,88.82049999999998,10.26
1331,1/27/2021 17:30,14.57,13.74,88.52869999999997,10.08
1332,1/27/2021 18:00,14.55,13.72,87.97609999999995,10.23
1333,1/27/2021 18:30,14.56,13.9,88.80299999999997,10.61
1334,1/27/2021 19:00,14.51,13.91,88.55389999999997,10.85
1335,1/27/2021 19:30,14.56,13.95,83.73959999999995,11.26
1336,1/27/2021 20:00,15.02,14.06,79.51520000000005,11.39
1337,1/27/2021 20:30,15.42,14.59,78.62909999999994,11.34
1338,1/27/2021 21:00,17.16,14.76,74.72660000000003,11.07
1339,1/27/2021 21:30,17.88,14.79,73.60000000000001,11.09
1340,1/27/2021 22:00,18.1,14.8,70.58789999999992,10.83
1341,1/27/2021 22:30,18.78,14.9,65.8711,10.84
1342,1/27/2021 23:00,19.01,14.36,64.80989999999998,12.01
1343,1/27/2021 23:30,19.44,14.86,64.19859999999997,12.59
1344,1/28/2021 0:00,24.63,14.56,68.88510000000005,12.52
1345,1/28/2021 0:30,24.9,14.56,67.67680000000006,12.98
1346,1/28/2021 1:00,25.05,15.41,68.43560000000008,13.19
1347,1/28/2021 1:30,25.16,15.5,67.88650000000003,13.12
1348,1/28/2021 2:00,25.19,15.21,67.07140000000003,13.95
1349,1/28/2021 2:30,25.27,15.3,66.46210000000002,14.36
1350,1/28/2021 3:00,25.18,15.22,66.23800000000001,14.41
1351,1/28/2021 3:30,25.19,15.25,65.91580000000002,14.13
1352,1/28/2021 4:00,25.09,15.24,67.39390000000003,13.85
1353,1/28/2021 4:30,24.98,15.17,68.97200000000005,13.36
1354,1/28/2021 5:00,24.53,14.82,70.49540000000005,13.27
1355,1/28/2021 5:30,23.77,14.81,73.80580000000005,13.33
1356,1/28/2021 6:00,23.66,14.62,77.24870000000003,12.92
1357,1/28/2021 6:30,22.77,14.59,76.98039999999999,12.68
1358,1/28/2021 7:00,18.18,14.62,78.31382307298763,12.72
1359,1/28/2021 7:30,17.5162300584502,14.82,78.90803843792636,11.95
1360,1/28/2021 8:00,17.29,14.85,83.78609999999999,11.65
1361,1/28/2021 8:30,16.98,14.84,84.78949999999999,10.96
1362,1/28/2021 9:00,16.64,14.84,85.25539999999997,10.96
1363,1/28/2021 9:30,16.4,14.84,86.99079999999998,10.5
1364,1/28/2021 10:00,15.88,14.85,87.74770000000004,10.57
1365,1/28/2021 10:30,15.73,14.79,88.33480000000003,10.51
1366,1/28/2021 11:00,15.27,14.8,88.28790000000005,10.6
1367,1/28/2021 11:30,14.89,14.65,88.89540000000002,10.56
1368,1/28/2021 12:00,14.78,14.56,88.86690000000003,10.49
1369,1/28/2021 12:30,14.24,14.45,88.7517,10.49
1370,1/28/2021 13:00,14.25,14.33,88.12809999999996,10.5
1371,1/28/2021 13:30,14.16,13.99,87.7588,10.55
1372,1/28/2021 14:00,13.99,13.92,88.06710000000001,10.46
1373,1/28/2021 14:30,13.96,13.86,88.05850000000001,10.75
1374,1/28/2021 15:00,13.95,13.85,87.8961,10.79
1375,1/28/2021 15:30,13.98,13.83,87.6039,11.05
1376,1/28/2021 16:00,13.94,13.73,87.58239999999998,11.15
1377,1/28/2021 16:30,13.91,13.79,87.96189999999999,10.72
1378,1/28/2021 17:00,13.87,13.78,87.90369999999999,10.26
1379,1/28/2021 17:30,13.88,13.74,87.72489999999998,10.08
1380,1/28/2021 18:00,13.9,13.72,87.06059999999998,10.23
1381,1/28/2021 18:30,13.93,13.9,88.04969999999997,10.61
1382,1/28/2021 19:00,13.91,13.91,88.17849999999997,10.85
1383,1/28/2021 19:30,14.02,13.95,83.58879999999994,11.26
1384,1/28/2021 20:00,14.31,14.06,80.33660000000005,11.39
1385,1/28/2021 20:30,14.78,14.59,78.78499999999997,11.34
1386,1/28/2021 21:00,16.71,14.76,74.54430000000005,11.07
1387,1/28/2021 21:30,17.58,14.79,72.44920000000003,11.09
1388,1/28/2021 22:00,17.99,14.8,70.30929999999994,11.32
1389,1/28/2021 22:30,18.71,14.9,65.3636,11.6
1390,1/28/2021 23:00,19.06,14.36,64.08730000000001,12.46
1391,1/28/2021 23:30,19.45,14.86,62.857999999999976,12.99
1392,1/29/2021 0:00,24.87,14.56,68.36950000000006,13.65
1393,1/29/2021 0:30,25.01,14.56,67.94510000000007,14.16
1394,1/29/2021 1:00,25.11,15.41,68.79350000000008,14.31
1395,1/29/2021 1:30,25.15,15.5,68.45790000000007,14.22
1396,1/29/2021 2:00,25.09,15.21,67.29170000000003,14.65
1397,1/29/2021 2:30,25.03,15.3,66.60330000000002,14.93
1398,1/29/2021 3:00,24.96,15.22,66.56880000000001,14.99
1399,1/29/2021 3:30,24.95,15.25,66.4392,14.68
1400,1/29/2021 4:00,24.32,15.24,69.0205,14.38
1401,1/29/2021 4:30,23.5,15.17,72.57020000000003,13.9
1402,1/29/2021 5:00,23.72,14.82,73.12150000000005,13.7
1403,1/29/2021 5:30,23.2,14.81,74.75870000000003,13.73
1404,1/29/2021 6:00,22.65,14.62,78.09720000000003,13.34
1405,1/29/2021 6:30,21.89,14.59,78.7401,13.03
1406,1/29/2021 7:00,18.67,14.62,82.76756921896316,12.98
1407,1/29/2021 7:30,17.9862300584502,14.82,82.27012302182837,12.57
1408,1/29/2021 8:00,17.65,14.85,84.35000000000002,12.62
1409,1/29/2021 8:30,17.42,14.84,85.4507,11.77
1410,1/29/2021 9:00,17.17,14.84,85.5792,11.69
1411,1/29/2021 9:30,16.91,14.84,86.7922,10.76
1412,1/29/2021 10:00,16.44,14.85,88.10230000000003,10.57
1413,1/29/2021 10:30,16.41,14.79,88.54130000000004,10.51
1414,1/29/2021 11:00,16.15,14.8,88.43700000000003,10.6
1415,1/29/2021 11:30,15.62,14.65,88.93860000000002,10.56
1416,1/29/2021 12:00,15.46,14.56,88.91900000000001,10.49
1417,1/29/2021 12:30,14.85,14.45,88.69069999999999,10.49
1418,1/29/2021 13:00,14.89,14.33,87.78499999999997,10.5
1419,1/29/2021 13:30,14.82,13.99,87.57679999999996,10.55
1420,1/29/2021 14:00,14.71,13.92,87.93790000000001,10.46
1421,1/29/2021 14:30,14.82,13.86,87.9292,10.75
1422,1/29/2021 15:00,14.73,13.85,87.76679999999999,10.79
1423,1/29/2021 15:30,14.54,13.83,87.36829999999998,11.05
1424,1/29/2021 16:00,14.49,13.73,87.29129999999995,11.15
1425,1/29/2021 16:30,14.51,13.79,87.66179999999997,10.72
1426,1/29/2021 17:00,14.48,13.78,87.66059999999996,10.26
1427,1/29/2021 17:30,14.49,13.74,87.36519999999997,10.08
1428,1/29/2021 18:00,14.52,13.72,86.56899999999996,10.23
1429,1/29/2021 18:30,14.56,13.9,87.52359999999994,10.61
1430,1/29/2021 19:00,14.49,13.91,87.94249999999994,10.85
1431,1/29/2021 19:30,14.53,13.95,82.7021999999999,11.26
1432,1/29/2021 20:00,14.64,14.06,77.41390000000003,11.39
1433,1/29/2021 20:30,14.95,14.59,75.07719999999993,11.34
1434,1/29/2021 21:00,16.98,14.76,72.15450000000008,11.07
1435,1/29/2021 21:30,17.89,14.79,72.23490000000007,11.28
1436,1/29/2021 22:00,18.75,14.8,69.00009999999993,12.07
1437,1/29/2021 22:30,19.45,14.9,63.26000000000002,12.35
1438,1/29/2021 23:00,20.01,14.36,62.49030000000002,12.94
1439,1/29/2021 23:30,20.05,14.86,61.140899999999974,13.36
1440,1/30/2021 0:00,25.0,14.6,68.07990000000007,13.86
1441,1/30/2021 0:30,25.04,14.6,67.95120000000007,14.53
1442,1/30/2021 1:00,25.13,15.45,69.16460000000009,14.79
1443,1/30/2021 1:30,25.13,15.54,68.85260000000007,14.62
1444,1/30/2021 2:00,25.08,15.25,67.36980000000003,14.91
1445,1/30/2021 2:30,25.06,15.34,66.47840000000002,15.2
1446,1/30/2021 3:00,25.11,15.26,66.35440000000001,15.41
1447,1/30/2021 3:30,25.05,15.29,66.18190000000001,15.04
1448,1/30/2021 4:00,24.8,15.28,67.8571,14.85
1449,1/30/2021 4:30,24.35,15.21,68.80520000000003,14.36
1450,1/30/2021 5:00,24.28,14.87,68.92490000000004,14.26
1451,1/30/2021 5:30,24.12,14.86,72.67490000000002,14.32
1452,1/30/2021 6:00,23.72,14.67,75.43550000000003,13.83
1453,1/30/2021 6:30,23.23,14.64,77.21362307298774,13.35
1454,1/30/2021 7:00,18.9681150292251,14.67,83.60306151091417,13.43
1455,1/30/2021 7:30,18.100575146125504,14.87,82.82586145975489,12.76
1456,1/30/2021 8:00,17.8362300584502,14.9,84.43572307298777,12.72
1457,1/30/2021 8:30,17.688115029225102,14.9,86.10340000000002,11.82
1458,1/30/2021 9:00,17.49,14.9,86.01719999999999,11.73
1459,1/30/2021 9:30,17.11,14.9,86.81960000000001,10.76
1460,1/30/2021 10:00,16.57,14.9,87.32580000000002,10.55
1461,1/30/2021 10:30,16.54,14.84,87.00889999999998,10.51
1462,1/30/2021 11:00,16.19,14.84,86.85359999999997,10.62
1463,1/30/2021 11:30,15.43,14.71,87.40709999999997,10.58
1464,1/30/2021 12:00,15.25,14.62,87.14289999999997,10.49
1465,1/30/2021 12:30,14.8,14.51,88.12319999999998,10.49
1466,1/30/2021 13:00,14.84,14.4,87.62049999999995,10.51
1467,1/30/2021 13:30,14.78,14.04,87.21489999999999,10.57
1468,1/30/2021 14:00,14.69,13.96,87.16359999999999,10.48
1469,1/30/2021 14:30,14.8,13.87,86.78869999999998,10.75
1470,1/30/2021 15:00,14.69,13.86,86.31549999999996,10.79
1471,1/30/2021 15:30,14.5,13.84,85.82209999999995,11.05
1472,1/30/2021 16:00,14.43,13.73,85.43199999999993,11.15
1473,1/30/2021 16:30,14.45,13.79,85.68819999999992,10.72
1474,1/30/2021 17:00,14.43,13.78,85.63299999999992,10.26
1475,1/30/2021 17:30,14.42,13.74,85.39799999999993,10.08
1476,1/30/2021 18:00,14.45,13.72,84.7079999999999,10.23
1477,1/30/2021 18:30,14.48,13.9,85.2389999999999,10.61
1478,1/30/2021 19:00,14.45,13.92,85.1422999999999,10.85
1479,1/30/2021 19:30,14.47,13.96,82.31179999999989,11.26
1480,1/30/2021 20:00,14.71,14.07,77.58940000000004,11.4
1481,1/30/2021 20:30,15.0,14.59,74.61069999999998,11.37
1482,1/30/2021 21:00,17.18,14.78,73.20110000000008,11.09
1483,1/30/2021 21:30,17.96,14.79,74.33180000000006,11.33
1484,1/30/2021 22:00,18.61,14.8,70.24559999999992,12.07
1485,1/30/2021 22:30,19.56,14.9,63.367900000000006,12.46
1486,1/30/2021 23:00,20.1,14.32,62.4004,12.89
1487,1/30/2021 23:30,20.13,14.86,61.49319999999998,13.37
